account_id,customer_id,account_number,currency,status,opened_at
A000001,C000448,FF0000000001,USD,active,2026-08-02T00:00:00+00:00
A000002,C000904,FF0000000002,USD,active,2026-08-19T00:00:00+00:00
A000003,C000236,FF0000000003,EUR,active,2025-09-08T00:00:00+00:00
A000004,C000801,FF0000000004,GBP,active,2026-03-14T00:00:00+00:00
A000005,C000278,FF0000000005,INR,active,2026-03-16T00:00:00+00:00
A000006,C000610,FF0000000006,CAD,active,2026-05-18T00:00:00+00:00
A000007,C000973,FF0000000007,CAD,active,2025-02-14T00:00:00+00:00
A000008,C000249,FF0000000008,USD,active,2026-02-13T00:00:00+00:00
A000009,C000531,FF0000000009,CAD,active,2025-08-08T00:00:00+00:00
A000010,C000510,FF0000000010,GBP,active,2025-02-05T00:00:00+00:00
A000011,C000104,FF0000000011,CAD,active,2025-05-29T00:00:00+00:00
A000012,C000206,FF0000000012,CAD,active,2025-12-21T00:00:00+00:00
A000013,C000125,FF0000000013,USD,active,2026-05-14T00:00:00+00:00
A000014,C000266,FF0000000014,USD,active,2026-02-13T00:00:00+00:00
A000015,C000578,FF0000000015,GBP,active,2026-06-20T00:00:00+00:00
A000016,C000219,FF0000000016,USD,active,2025-01-31T00:00:00+00:00
A000017,C000348,FF0000000017,USD,active,2025-10-17T00:00:00+00:00
A000018,C000940,FF0000000018,USD,active,2026-06-18T00:00:00+00:00
A000019,C000674,FF0000000019,CAD,active,2026-06-12T00:00:00+00:00
A000020,C000066,FF0000000020,CAD,active,2025-08-05T00:00:00+00:00
A000021,C000783,FF0000000021,GBP,active,2026-06-05T00:00:00+00:00
A000022,C000298,FF0000000022,CAD,active,2025-01-16T00:00:00+00:00
A000023,C000256,FF0000000023,CAD,active,2025-08-29T00:00:00+00:00
A000024,C000084,FF0000000024,USD,active,2025-03-25T00:00:00+00:00
A000025,C000301,FF0000000025,USD,active,2026-05-27T00:00:00+00:00
A000026,C000786,FF0000000026,CAD,active,2026-01-16T00:00:00+00:00
A000027,C000225,FF0000000027,CAD,active,2026-07-31T00:00:00+00:00
A000028,C000079,FF0000000028,GBP,active,2025-12-28T00:00:00+00:00
A000029,C000341,FF0000000029,INR,active,2025-03-23T00:00:00+00:00
A000030,C000717,FF0000000030,EUR,active,2025-03-06T00:00:00+00:00
A000031,C000605,FF0000000031,CAD,active,2026-05-19T00:00:00+00:00
A000032,C000923,FF0000000032,GBP,active,2026-06-12T00:00:00+00:00
A000033,C000566,FF0000000033,EUR,active,2026-03-04T00:00:00+00:00
A000034,C000626,FF0000000034,USD,active,2025-03-01T00:00:00+00:00
A000035,C000203,FF0000000035,INR,active,2025-10-03T00:00:00+00:00
A000036,C000261,FF0000000036,INR,active,2026-07-11T00:00:00+00:00
A000037,C000647,FF0000000037,INR,active,2025-09-22T00:00:00+00:00
A000038,C000713,FF0000000038,USD,active,2026-05-04T00:00:00+00:00
A000039,C000169,FF0000000039,USD,active,2025-12-26T00:00:00+00:00
A000040,C000045,FF0000000040,GBP,active,2026-01-01T00:00:00+00:00
A000041,C000615,FF0000000041,CAD,active,2025-11-17T00:00:00+00:00
A000042,C000596,FF0000000042,EUR,active,2025-05-07T00:00:00+00:00
A000043,C000383,FF0000000043,INR,active,2026-08-09T00:00:00+00:00
A000044,C000426,FF0000000044,USD,active,2025-10-01T00:00:00+00:00
A000045,C000821,FF0000000045,EUR,active,2026-03-15T00:00:00+00:00
A000046,C000488,FF0000000046,USD,active,2025-03-05T00:00:00+00:00
A000047,C000896,FF0000000047,GBP,active,2025-07-15T00:00:00+00:00
A000048,C000476,FF0000000048,INR,active,2026-07-27T00:00:00+00:00
A000049,C000316,FF0000000049,INR,active,2026-03-26T00:00:00+00:00
A000050,C000554,FF0000000050,INR,active,2026-06-15T00:00:00+00:00
A000051,C000969,FF0000000051,USD,active,2025-05-05T00:00:00+00:00
A000052,C000822,FF0000000052,GBP,active,2025-12-26T00:00:00+00:00
A000053,C000952,FF0000000053,INR,active,2025-12-03T00:00:00+00:00
A000054,C000514,FF0000000054,EUR,active,2026-03-16T00:00:00+00:00
A000055,C000885,FF0000000055,GBP,active,2025-09-11T00:00:00+00:00
A000056,C000286,FF0000000056,EUR,active,2026-07-01T00:00:00+00:00
A000057,C000510,FF0000000057,INR,active,2025-06-18T00:00:00+00:00
A000058,C000243,FF0000000058,GBP,active,2025-11-05T00:00:00+00:00
A000059,C000531,FF0000000059,GBP,active,2025-12-09T00:00:00+00:00
A000060,C000708,FF0000000060,USD,active,2026-01-01T00:00:00+00:00
A000061,C000918,FF0000000061,EUR,active,2025-02-23T00:00:00+00:00
A000062,C000193,FF0000000062,GBP,active,2026-03-11T00:00:00+00:00
A000063,C000802,FF0000000063,GBP,active,2026-05-06T00:00:00+00:00
A000064,C000017,FF0000000064,GBP,active,2025-09-15T00:00:00+00:00
A000065,C000022,FF0000000065,EUR,active,2026-01-16T00:00:00+00:00
A000066,C000700,FF0000000066,CAD,active,2025-07-17T00:00:00+00:00
A000067,C000657,FF0000000067,USD,active,2026-02-23T00:00:00+00:00
A000068,C000712,FF0000000068,EUR,active,2025-03-04T00:00:00+00:00
A000069,C000056,FF0000000069,CAD,active,2025-07-06T00:00:00+00:00
A000070,C000568,FF0000000070,INR,active,2025-05-01T00:00:00+00:00
A000071,C000279,FF0000000071,USD,active,2026-06-21T00:00:00+00:00
A000072,C000520,FF0000000072,INR,active,2025-03-12T00:00:00+00:00
A000073,C000479,FF0000000073,USD,active,2025-02-24T00:00:00+00:00
A000074,C000058,FF0000000074,INR,active,2025-11-10T00:00:00+00:00
A000075,C000531,FF0000000075,USD,active,2026-04-25T00:00:00+00:00
A000076,C000645,FF0000000076,CAD,active,2025-02-23T00:00:00+00:00
A000077,C000589,FF0000000077,CAD,active,2026-03-15T00:00:00+00:00
A000078,C000992,FF0000000078,CAD,active,2025-12-26T00:00:00+00:00
A000079,C000816,FF0000000079,CAD,active,2026-03-28T00:00:00+00:00
A000080,C000726,FF0000000080,USD,active,2025-10-08T00:00:00+00:00
A000081,C000360,FF0000000081,GBP,active,2025-11-11T00:00:00+00:00
A000082,C000008,FF0000000082,INR,active,2025-08-19T00:00:00+00:00
A000083,C000747,FF0000000083,USD,active,2026-04-27T00:00:00+00:00
A000084,C000224,FF0000000084,GBP,active,2026-01-16T00:00:00+00:00
A000085,C000624,FF0000000085,GBP,active,2026-03-02T00:00:00+00:00
A000086,C000762,FF0000000086,GBP,active,2025-04-28T00:00:00+00:00
A000087,C000234,FF0000000087,CAD,active,2025-03-24T00:00:00+00:00
A000088,C000114,FF0000000088,CAD,active,2025-03-17T00:00:00+00:00
A000089,C000888,FF0000000089,EUR,active,2025-01-05T00:00:00+00:00
A000090,C000371,FF0000000090,USD,active,2026-06-26T00:00:00+00:00
A000091,C000969,FF0000000091,CAD,active,2025-01-18T00:00:00+00:00
A000092,C000930,FF0000000092,USD,active,2026-06-01T00:00:00+00:00
A000093,C000644,FF0000000093,EUR,active,2025-09-10T00:00:00+00:00
A000094,C000658,FF0000000094,INR,active,2026-05-03T00:00:00+00:00
A000095,C000842,FF0000000095,USD,active,2026-08-15T00:00:00+00:00
A000096,C000707,FF0000000096,GBP,active,2026-03-25T00:00:00+00:00
A000097,C000433,FF0000000097,INR,active,2025-12-07T00:00:00+00:00
A000098,C000759,FF0000000098,CAD,active,2026-08-23T00:00:00+00:00
A000099,C000512,FF0000000099,USD,active,2025-07-27T00:00:00+00:00
A000100,C000001,FF0000000100,USD,active,2026-02-01T00:00:00+00:00
A000101,C000047,FF0000000101,GBP,active,2026-05-26T00:00:00+00:00
A000102,C000975,FF0000000102,INR,active,2025-08-08T00:00:00+00:00
A000103,C000227,FF0000000103,GBP,active,2026-07-31T00:00:00+00:00
A000104,C000200,FF0000000104,CAD,active,2026-08-21T00:00:00+00:00
A000105,C000675,FF0000000105,EUR,active,2026-04-26T00:00:00+00:00
A000106,C000302,FF0000000106,INR,active,2025-06-10T00:00:00+00:00
A000107,C000643,FF0000000107,USD,active,2025-06-21T00:00:00+00:00
A000108,C000608,FF0000000108,USD,active,2025-05-17T00:00:00+00:00
A000109,C000882,FF0000000109,CAD,active,2025-09-08T00:00:00+00:00
A000110,C000462,FF0000000110,INR,active,2025-07-23T00:00:00+00:00
A000111,C000229,FF0000000111,CAD,active,2026-01-09T00:00:00+00:00
A000112,C000046,FF0000000112,GBP,active,2025-03-17T00:00:00+00:00
A000113,C000234,FF0000000113,CAD,active,2025-02-10T00:00:00+00:00
A000114,C000674,FF0000000114,CAD,active,2026-03-28T00:00:00+00:00
A000115,C001000,FF0000000115,GBP,active,2026-07-12T00:00:00+00:00
A000116,C000172,FF0000000116,CAD,active,2026-03-08T00:00:00+00:00
A000117,C000178,FF0000000117,INR,active,2026-06-28T00:00:00+00:00
A000118,C000893,FF0000000118,CAD,active,2025-10-05T00:00:00+00:00
A000119,C000082,FF0000000119,INR,active,2025-11-10T00:00:00+00:00
A000120,C000117,FF0000000120,INR,active,2026-03-29T00:00:00+00:00
A000121,C000658,FF0000000121,EUR,active,2026-03-08T00:00:00+00:00
A000122,C000964,FF0000000122,INR,active,2025-08-18T00:00:00+00:00
A000123,C000234,FF0000000123,GBP,active,2026-03-20T00:00:00+00:00
A000124,C000782,FF0000000124,GBP,active,2026-03-11T00:00:00+00:00
A000125,C000867,FF0000000125,USD,active,2025-06-23T00:00:00+00:00
A000126,C000018,FF0000000126,EUR,active,2026-06-29T00:00:00+00:00
A000127,C000853,FF0000000127,INR,active,2025-12-18T00:00:00+00:00
A000128,C000901,FF0000000128,CAD,active,2025-05-01T00:00:00+00:00
A000129,C000347,FF0000000129,USD,active,2025-05-20T00:00:00+00:00
A000130,C000388,FF0000000130,EUR,active,2025-12-16T00:00:00+00:00
A000131,C000170,FF0000000131,USD,active,2026-02-27T00:00:00+00:00
A000132,C000848,FF0000000132,CAD,active,2025-12-04T00:00:00+00:00
A000133,C000633,FF0000000133,EUR,active,2025-10-13T00:00:00+00:00
A000134,C000550,FF0000000134,GBP,active,2025-12-25T00:00:00+00:00
A000135,C000807,FF0000000135,GBP,active,2026-05-27T00:00:00+00:00
A000136,C000996,FF0000000136,CAD,active,2025-05-15T00:00:00+00:00
A000137,C000267,FF0000000137,USD,active,2025-03-04T00:00:00+00:00
A000138,C000053,FF0000000138,CAD,active,2025-11-08T00:00:00+00:00
A000139,C000549,FF0000000139,CAD,active,2026-04-19T00:00:00+00:00
A000140,C000593,FF0000000140,EUR,active,2025-10-11T00:00:00+00:00
A000141,C000010,FF0000000141,USD,active,2026-06-13T00:00:00+00:00
A000142,C000965,FF0000000142,USD,active,2025-08-26T00:00:00+00:00
A000143,C000643,FF0000000143,CAD,active,2026-04-26T00:00:00+00:00
A000144,C000300,FF0000000144,CAD,active,2025-03-10T00:00:00+00:00
A000145,C000283,FF0000000145,CAD,active,2025-06-28T00:00:00+00:00
A000146,C000442,FF0000000146,INR,active,2025-03-02T00:00:00+00:00
A000147,C000557,FF0000000147,CAD,active,2025-04-09T00:00:00+00:00
A000148,C000256,FF0000000148,INR,active,2025-02-26T00:00:00+00:00
A000149,C000590,FF0000000149,GBP,active,2025-11-15T00:00:00+00:00
A000150,C000399,FF0000000150,EUR,active,2026-05-08T00:00:00+00:00
A000151,C000484,FF0000000151,GBP,active,2025-10-23T00:00:00+00:00
A000152,C000840,FF0000000152,GBP,active,2026-05-23T00:00:00+00:00
A000153,C000072,FF0000000153,CAD,active,2025-02-19T00:00:00+00:00
A000154,C000861,FF0000000154,USD,active,2025-11-14T00:00:00+00:00
A000155,C000566,FF0000000155,GBP,active,2026-08-11T00:00:00+00:00
A000156,C000153,FF0000000156,CAD,active,2025-10-27T00:00:00+00:00
A000157,C000527,FF0000000157,USD,active,2026-03-22T00:00:00+00:00
A000158,C000521,FF0000000158,EUR,active,2025-04-29T00:00:00+00:00
A000159,C000151,FF0000000159,CAD,active,2025-10-28T00:00:00+00:00
A000160,C000641,FF0000000160,CAD,active,2026-04-01T00:00:00+00:00
A000161,C000150,FF0000000161,INR,active,2026-06-02T00:00:00+00:00
A000162,C000782,FF0000000162,EUR,active,2025-08-16T00:00:00+00:00
A000163,C000602,FF0000000163,EUR,active,2026-07-17T00:00:00+00:00
A000164,C000505,FF0000000164,USD,active,2025-09-24T00:00:00+00:00
A000165,C000143,FF0000000165,GBP,active,2026-01-22T00:00:00+00:00
A000166,C000923,FF0000000166,GBP,active,2026-02-08T00:00:00+00:00
A000167,C000239,FF0000000167,GBP,active,2026-03-06T00:00:00+00:00
A000168,C000051,FF0000000168,CAD,active,2025-05-17T00:00:00+00:00
A000169,C000706,FF0000000169,GBP,active,2026-04-04T00:00:00+00:00
A000170,C000960,FF0000000170,EUR,active,2026-04-18T00:00:00+00:00
A000171,C000908,FF0000000171,USD,active,2025-10-13T00:00:00+00:00
A000172,C000745,FF0000000172,INR,active,2025-08-16T00:00:00+00:00
A000173,C000565,FF0000000173,USD,active,2026-02-09T00:00:00+00:00
A000174,C000269,FF0000000174,EUR,active,2026-04-18T00:00:00+00:00
A000175,C000222,FF0000000175,GBP,active,2025-09-08T00:00:00+00:00
A000176,C000419,FF0000000176,EUR,active,2026-06-04T00:00:00+00:00
A000177,C000321,FF0000000177,USD,active,2026-01-19T00:00:00+00:00
A000178,C000529,FF0000000178,CAD,active,2025-11-23T00:00:00+00:00
A000179,C000116,FF0000000179,EUR,active,2025-06-26T00:00:00+00:00
A000180,C000826,FF0000000180,CAD,active,2025-06-27T00:00:00+00:00
A000181,C000413,FF0000000181,CAD,active,2025-12-13T00:00:00+00:00
A000182,C000691,FF0000000182,USD,active,2025-06-16T00:00:00+00:00
A000183,C000432,FF0000000183,INR,active,2025-07-11T00:00:00+00:00
A000184,C000168,FF0000000184,USD,active,2026-02-28T00:00:00+00:00
A000185,C000218,FF0000000185,EUR,active,2026-03-26T00:00:00+00:00
A000186,C000347,FF0000000186,EUR,active,2026-01-25T00:00:00+00:00
A000187,C000818,FF0000000187,GBP,active,2025-01-12T00:00:00+00:00
A000188,C000026,FF0000000188,INR,active,2026-01-11T00:00:00+00:00
A000189,C000195,FF0000000189,INR,active,2026-07-16T00:00:00+00:00
A000190,C000676,FF0000000190,EUR,active,2025-09-03T00:00:00+00:00
A000191,C000008,FF0000000191,INR,active,2026-01-02T00:00:00+00:00
A000192,C000813,FF0000000192,INR,active,2025-03-07T00:00:00+00:00
A000193,C000622,FF0000000193,USD,active,2026-05-30T00:00:00+00:00
A000194,C000114,FF0000000194,USD,active,2026-02-10T00:00:00+00:00
A000195,C000372,FF0000000195,USD,active,2025-12-20T00:00:00+00:00
A000196,C000037,FF0000000196,INR,active,2025-09-16T00:00:00+00:00
A000197,C000328,FF0000000197,CAD,active,2025-12-11T00:00:00+00:00
A000198,C000459,FF0000000198,EUR,active,2025-05-26T00:00:00+00:00
A000199,C000617,FF0000000199,EUR,active,2026-02-07T00:00:00+00:00
A000200,C000714,FF0000000200,EUR,active,2026-08-20T00:00:00+00:00
A000201,C000266,FF0000000201,INR,active,2025-01-23T00:00:00+00:00
A000202,C000494,FF0000000202,CAD,active,2026-06-18T00:00:00+00:00
A000203,C000272,FF0000000203,USD,active,2025-10-02T00:00:00+00:00
A000204,C000668,FF0000000204,CAD,active,2026-05-10T00:00:00+00:00
A000205,C000571,FF0000000205,EUR,active,2026-03-14T00:00:00+00:00
A000206,C000956,FF0000000206,CAD,active,2025-09-08T00:00:00+00:00
A000207,C000583,FF0000000207,GBP,active,2025-03-22T00:00:00+00:00
A000208,C000903,FF0000000208,GBP,active,2026-05-08T00:00:00+00:00
A000209,C000853,FF0000000209,GBP,active,2025-04-12T00:00:00+00:00
A000210,C000014,FF0000000210,EUR,active,2026-06-19T00:00:00+00:00
A000211,C000142,FF0000000211,USD,active,2025-05-06T00:00:00+00:00
A000212,C000721,FF0000000212,CAD,active,2025-06-03T00:00:00+00:00
A000213,C000873,FF0000000213,INR,active,2025-04-21T00:00:00+00:00
A000214,C000661,FF0000000214,CAD,active,2025-01-28T00:00:00+00:00
A000215,C000928,FF0000000215,CAD,active,2025-07-29T00:00:00+00:00
A000216,C000419,FF0000000216,USD,active,2026-05-13T00:00:00+00:00
A000217,C000054,FF0000000217,CAD,active,2025-11-26T00:00:00+00:00
A000218,C000099,FF0000000218,EUR,active,2025-07-05T00:00:00+00:00
A000219,C000966,FF0000000219,INR,active,2025-05-19T00:00:00+00:00
A000220,C000238,FF0000000220,INR,active,2026-06-09T00:00:00+00:00
A000221,C000953,FF0000000221,USD,active,2026-06-24T00:00:00+00:00
A000222,C000004,FF0000000222,GBP,active,2025-09-28T00:00:00+00:00
A000223,C000593,FF0000000223,INR,active,2025-07-29T00:00:00+00:00
A000224,C000949,FF0000000224,INR,active,2026-07-11T00:00:00+00:00
A000225,C000654,FF0000000225,CAD,active,2025-06-13T00:00:00+00:00
A000226,C000005,FF0000000226,CAD,active,2025-03-22T00:00:00+00:00
A000227,C000700,FF0000000227,EUR,active,2025-02-26T00:00:00+00:00
A000228,C000028,FF0000000228,EUR,active,2025-06-18T00:00:00+00:00
A000229,C000338,FF0000000229,USD,active,2026-02-12T00:00:00+00:00
A000230,C000543,FF0000000230,EUR,active,2026-01-17T00:00:00+00:00
A000231,C000068,FF0000000231,INR,active,2025-06-17T00:00:00+00:00
A000232,C000292,FF0000000232,INR,active,2025-10-23T00:00:00+00:00
A000233,C000754,FF0000000233,GBP,active,2025-05-07T00:00:00+00:00
A000234,C000440,FF0000000234,GBP,active,2025-10-25T00:00:00+00:00
A000235,C000433,FF0000000235,CAD,active,2025-10-05T00:00:00+00:00
A000236,C000127,FF0000000236,CAD,active,2026-01-25T00:00:00+00:00
A000237,C000523,FF0000000237,CAD,active,2025-01-20T00:00:00+00:00
A000238,C000060,FF0000000238,GBP,active,2025-09-02T00:00:00+00:00
A000239,C000682,FF0000000239,EUR,active,2025-04-15T00:00:00+00:00
A000240,C000008,FF0000000240,GBP,active,2025-09-13T00:00:00+00:00
A000241,C000769,FF0000000241,USD,active,2026-06-13T00:00:00+00:00
A000242,C000116,FF0000000242,GBP,active,2025-05-18T00:00:00+00:00
A000243,C000629,FF0000000243,CAD,active,2025-10-19T00:00:00+00:00
A000244,C000852,FF0000000244,GBP,active,2026-05-17T00:00:00+00:00
A000245,C000014,FF0000000245,INR,active,2025-07-14T00:00:00+00:00
A000246,C000197,FF0000000246,EUR,active,2026-04-24T00:00:00+00:00
A000247,C000397,FF0000000247,INR,active,2026-03-09T00:00:00+00:00
A000248,C000494,FF0000000248,GBP,active,2025-12-08T00:00:00+00:00
A000249,C000576,FF0000000249,GBP,active,2025-12-09T00:00:00+00:00
A000250,C000220,FF0000000250,EUR,active,2026-06-13T00:00:00+00:00
A000251,C000086,FF0000000251,EUR,active,2025-07-16T00:00:00+00:00
A000252,C000167,FF0000000252,CAD,active,2025-06-08T00:00:00+00:00
A000253,C000714,FF0000000253,EUR,active,2025-11-01T00:00:00+00:00
A000254,C000268,FF0000000254,CAD,active,2025-02-13T00:00:00+00:00
A000255,C000901,FF0000000255,EUR,active,2025-03-05T00:00:00+00:00
A000256,C000258,FF0000000256,CAD,active,2026-02-01T00:00:00+00:00
A000257,C000895,FF0000000257,EUR,active,2026-04-23T00:00:00+00:00
A000258,C000332,FF0000000258,GBP,active,2025-05-07T00:00:00+00:00
A000259,C000517,FF0000000259,USD,active,2025-02-05T00:00:00+00:00
A000260,C000697,FF0000000260,USD,active,2025-09-20T00:00:00+00:00
A000261,C000317,FF0000000261,USD,active,2025-02-12T00:00:00+00:00
A000262,C000416,FF0000000262,USD,active,2025-08-06T00:00:00+00:00
A000263,C000665,FF0000000263,CAD,active,2025-06-26T00:00:00+00:00
A000264,C000316,FF0000000264,GBP,active,2025-09-14T00:00:00+00:00
A000265,C000935,FF0000000265,INR,active,2026-07-03T00:00:00+00:00
A000266,C000763,FF0000000266,USD,active,2026-06-30T00:00:00+00:00
A000267,C000615,FF0000000267,EUR,active,2026-03-25T00:00:00+00:00
A000268,C000498,FF0000000268,INR,active,2026-03-19T00:00:00+00:00
A000269,C000097,FF0000000269,EUR,active,2025-03-29T00:00:00+00:00
A000270,C000320,FF0000000270,INR,active,2025-04-29T00:00:00+00:00
A000271,C000828,FF0000000271,GBP,active,2025-05-31T00:00:00+00:00
A000272,C000861,FF0000000272,USD,active,2025-10-04T00:00:00+00:00
A000273,C000968,FF0000000273,INR,active,2025-12-21T00:00:00+00:00
A000274,C000011,FF0000000274,INR,active,2025-07-17T00:00:00+00:00
A000275,C000382,FF0000000275,INR,active,2025-07-18T00:00:00+00:00
A000276,C000670,FF0000000276,GBP,active,2026-01-08T00:00:00+00:00
A000277,C000864,FF0000000277,GBP,active,2025-08-12T00:00:00+00:00
A000278,C000790,FF0000000278,INR,active,2025-04-12T00:00:00+00:00
A000279,C000830,FF0000000279,GBP,active,2026-03-18T00:00:00+00:00
A000280,C000988,FF0000000280,GBP,active,2025-07-22T00:00:00+00:00
A000281,C000760,FF0000000281,EUR,active,2025-02-12T00:00:00+00:00
A000282,C000007,FF0000000282,USD,active,2026-06-17T00:00:00+00:00
A000283,C000518,FF0000000283,USD,active,2025-01-01T00:00:00+00:00
A000284,C000001,FF0000000284,GBP,active,2025-12-30T00:00:00+00:00
A000285,C000854,FF0000000285,USD,active,2025-02-12T00:00:00+00:00
A000286,C000945,FF0000000286,USD,active,2026-08-16T00:00:00+00:00
A000287,C000534,FF0000000287,INR,active,2025-02-18T00:00:00+00:00
A000288,C000932,FF0000000288,USD,active,2025-07-27T00:00:00+00:00
A000289,C000560,FF0000000289,EUR,active,2025-10-30T00:00:00+00:00
A000290,C000909,FF0000000290,USD,active,2025-02-18T00:00:00+00:00
A000291,C000279,FF0000000291,CAD,active,2026-01-17T00:00:00+00:00
A000292,C000626,FF0000000292,CAD,active,2026-01-06T00:00:00+00:00
A000293,C000461,FF0000000293,GBP,active,2025-11-04T00:00:00+00:00
A000294,C000145,FF0000000294,USD,active,2025-11-05T00:00:00+00:00
A000295,C000055,FF0000000295,GBP,active,2026-04-16T00:00:00+00:00
A000296,C000480,FF0000000296,GBP,active,2026-01-03T00:00:00+00:00
A000297,C000402,FF0000000297,EUR,active,2025-07-13T00:00:00+00:00
A000298,C000290,FF0000000298,INR,active,2025-08-31T00:00:00+00:00
A000299,C000058,FF0000000299,EUR,active,2025-09-06T00:00:00+00:00
A000300,C000578,FF0000000300,CAD,active,2026-03-02T00:00:00+00:00
A000301,C000803,FF0000000301,USD,active,2026-01-31T00:00:00+00:00
A000302,C000050,FF0000000302,USD,active,2026-05-04T00:00:00+00:00
A000303,C000056,FF0000000303,GBP,active,2025-03-14T00:00:00+00:00
A000304,C000955,FF0000000304,EUR,active,2025-11-14T00:00:00+00:00
A000305,C000914,FF0000000305,CAD,active,2025-10-13T00:00:00+00:00
A000306,C000935,FF0000000306,EUR,active,2026-04-25T00:00:00+00:00
A000307,C000469,FF0000000307,USD,active,2025-05-14T00:00:00+00:00
A000308,C000306,FF0000000308,GBP,active,2026-03-25T00:00:00+00:00
A000309,C000083,FF0000000309,GBP,active,2025-10-24T00:00:00+00:00
A000310,C000471,FF0000000310,EUR,active,2025-07-08T00:00:00+00:00
A000311,C000894,FF0000000311,GBP,active,2025-10-13T00:00:00+00:00
A000312,C000533,FF0000000312,EUR,active,2026-07-24T00:00:00+00:00
A000313,C000352,FF0000000313,INR,active,2025-02-18T00:00:00+00:00
A000314,C000746,FF0000000314,GBP,active,2025-03-02T00:00:00+00:00
A000315,C000740,FF0000000315,CAD,active,2025-04-28T00:00:00+00:00
A000316,C000781,FF0000000316,INR,active,2026-01-19T00:00:00+00:00
A000317,C000199,FF0000000317,USD,active,2025-06-01T00:00:00+00:00
A000318,C000325,FF0000000318,EUR,active,2026-08-19T00:00:00+00:00
A000319,C000513,FF0000000319,GBP,active,2025-03-02T00:00:00+00:00
A000320,C000725,FF0000000320,EUR,active,2026-07-09T00:00:00+00:00
A000321,C000791,FF0000000321,CAD,active,2026-01-15T00:00:00+00:00
A000322,C000737,FF0000000322,INR,active,2026-05-01T00:00:00+00:00
A000323,C000781,FF0000000323,USD,active,2025-04-13T00:00:00+00:00
A000324,C000168,FF0000000324,INR,active,2026-04-29T00:00:00+00:00
A000325,C000851,FF0000000325,USD,active,2026-08-23T00:00:00+00:00
A000326,C000851,FF0000000326,CAD,active,2026-08-11T00:00:00+00:00
A000327,C000017,FF0000000327,EUR,active,2025-11-19T00:00:00+00:00
A000328,C000113,FF0000000328,INR,active,2025-09-25T00:00:00+00:00
A000329,C000579,FF0000000329,INR,active,2026-08-09T00:00:00+00:00
A000330,C000667,FF0000000330,GBP,active,2026-06-01T00:00:00+00:00
A000331,C000328,FF0000000331,EUR,active,2025-03-08T00:00:00+00:00
A000332,C000505,FF0000000332,CAD,active,2025-07-11T00:00:00+00:00
A000333,C000288,FF0000000333,INR,active,2026-01-11T00:00:00+00:00
A000334,C000493,FF0000000334,GBP,active,2025-12-22T00:00:00+00:00
A000335,C000836,FF0000000335,CAD,active,2026-07-20T00:00:00+00:00
A000336,C000652,FF0000000336,EUR,active,2026-03-26T00:00:00+00:00
A000337,C000925,FF0000000337,USD,active,2026-04-13T00:00:00+00:00
A000338,C000656,FF0000000338,GBP,active,2026-02-28T00:00:00+00:00
A000339,C000864,FF0000000339,CAD,active,2025-08-25T00:00:00+00:00
A000340,C000445,FF0000000340,GBP,active,2026-05-08T00:00:00+00:00
A000341,C000857,FF0000000341,USD,active,2025-03-27T00:00:00+00:00
A000342,C000664,FF0000000342,CAD,active,2026-06-17T00:00:00+00:00
A000343,C000259,FF0000000343,GBP,active,2026-02-18T00:00:00+00:00
A000344,C000159,FF0000000344,EUR,active,2025-04-02T00:00:00+00:00
A000345,C000913,FF0000000345,USD,active,2025-06-05T00:00:00+00:00
A000346,C000983,FF0000000346,INR,active,2026-01-14T00:00:00+00:00
A000347,C000662,FF0000000347,CAD,active,2025-11-03T00:00:00+00:00
A000348,C000634,FF0000000348,CAD,active,2026-01-08T00:00:00+00:00
A000349,C000357,FF0000000349,USD,active,2025-11-21T00:00:00+00:00
A000350,C000887,FF0000000350,INR,active,2025-11-16T00:00:00+00:00
A000351,C000736,FF0000000351,INR,active,2025-06-08T00:00:00+00:00
A000352,C000513,FF0000000352,GBP,active,2025-06-23T00:00:00+00:00
A000353,C000856,FF0000000353,USD,active,2026-08-07T00:00:00+00:00
A000354,C000679,FF0000000354,CAD,active,2025-09-21T00:00:00+00:00
A000355,C000650,FF0000000355,USD,active,2025-01-29T00:00:00+00:00
A000356,C000048,FF0000000356,EUR,active,2025-05-07T00:00:00+00:00
A000357,C000534,FF0000000357,INR,active,2025-07-13T00:00:00+00:00
A000358,C000153,FF0000000358,INR,active,2025-06-12T00:00:00+00:00
A000359,C000953,FF0000000359,EUR,active,2026-08-02T00:00:00+00:00
A000360,C000467,FF0000000360,CAD,active,2025-04-04T00:00:00+00:00
A000361,C000414,FF0000000361,EUR,active,2026-06-09T00:00:00+00:00
A000362,C000815,FF0000000362,INR,active,2025-04-07T00:00:00+00:00
A000363,C000975,FF0000000363,CAD,active,2026-07-24T00:00:00+00:00
A000364,C000701,FF0000000364,GBP,active,2025-03-19T00:00:00+00:00
A000365,C000639,FF0000000365,EUR,active,2026-08-17T00:00:00+00:00
A000366,C000788,FF0000000366,EUR,active,2025-12-24T00:00:00+00:00
A000367,C000637,FF0000000367,GBP,active,2025-08-29T00:00:00+00:00
A000368,C000617,FF0000000368,EUR,active,2026-05-23T00:00:00+00:00
A000369,C000924,FF0000000369,USD,active,2025-09-08T00:00:00+00:00
A000370,C000114,FF0000000370,GBP,active,2026-03-02T00:00:00+00:00
A000371,C000269,FF0000000371,CAD,active,2025-02-04T00:00:00+00:00
A000372,C000921,FF0000000372,INR,active,2026-02-11T00:00:00+00:00
A000373,C000359,FF0000000373,INR,active,2025-12-05T00:00:00+00:00
A000374,C000361,FF0000000374,USD,active,2025-05-02T00:00:00+00:00
A000375,C000814,FF0000000375,CAD,active,2025-12-30T00:00:00+00:00
A000376,C000795,FF0000000376,GBP,active,2026-03-08T00:00:00+00:00
A000377,C000345,FF0000000377,GBP,active,2026-04-13T00:00:00+00:00
A000378,C000961,FF0000000378,INR,active,2026-02-22T00:00:00+00:00
A000379,C000930,FF0000000379,GBP,active,2026-08-17T00:00:00+00:00
A000380,C000458,FF0000000380,EUR,active,2026-08-23T00:00:00+00:00
A000381,C000928,FF0000000381,EUR,active,2025-08-12T00:00:00+00:00
A000382,C000299,FF0000000382,CAD,active,2025-09-21T00:00:00+00:00
A000383,C000103,FF0000000383,CAD,active,2026-02-25T00:00:00+00:00
A000384,C000738,FF0000000384,CAD,active,2026-06-02T00:00:00+00:00
A000385,C000206,FF0000000385,GBP,active,2026-08-10T00:00:00+00:00
A000386,C000101,FF0000000386,GBP,active,2025-07-21T00:00:00+00:00
A000387,C000821,FF0000000387,EUR,active,2025-08-04T00:00:00+00:00
A000388,C000555,FF0000000388,INR,active,2025-12-18T00:00:00+00:00
A000389,C000136,FF0000000389,INR,active,2025-03-20T00:00:00+00:00
A000390,C000908,FF0000000390,CAD,active,2026-08-12T00:00:00+00:00
A000391,C000360,FF0000000391,EUR,active,2026-06-12T00:00:00+00:00
A000392,C000185,FF0000000392,INR,active,2025-11-03T00:00:00+00:00
A000393,C000055,FF0000000393,CAD,active,2025-02-25T00:00:00+00:00
A000394,C000791,FF0000000394,EUR,active,2026-01-22T00:00:00+00:00
A000395,C000274,FF0000000395,CAD,active,2026-07-14T00:00:00+00:00
A000396,C000238,FF0000000396,USD,active,2025-08-31T00:00:00+00:00
A000397,C000335,FF0000000397,GBP,active,2025-08-30T00:00:00+00:00
A000398,C000487,FF0000000398,INR,active,2025-02-28T00:00:00+00:00
A000399,C000907,FF0000000399,USD,active,2025-02-28T00:00:00+00:00
A000400,C000479,FF0000000400,GBP,active,2026-01-08T00:00:00+00:00
A000401,C000922,FF0000000401,USD,active,2026-06-19T00:00:00+00:00
A000402,C000945,FF0000000402,CAD,active,2025-12-23T00:00:00+00:00
A000403,C000764,FF0000000403,GBP,active,2026-02-12T00:00:00+00:00
A000404,C000502,FF0000000404,INR,active,2025-12-24T00:00:00+00:00
A000405,C000106,FF0000000405,INR,active,2026-01-08T00:00:00+00:00
A000406,C000102,FF0000000406,EUR,active,2025-04-13T00:00:00+00:00
A000407,C000939,FF0000000407,CAD,active,2025-06-26T00:00:00+00:00
A000408,C000427,FF0000000408,EUR,active,2026-01-13T00:00:00+00:00
A000409,C000623,FF0000000409,CAD,active,2026-07-17T00:00:00+00:00
A000410,C000959,FF0000000410,CAD,active,2025-12-29T00:00:00+00:00
A000411,C000477,FF0000000411,GBP,active,2026-04-02T00:00:00+00:00
A000412,C000440,FF0000000412,EUR,active,2025-03-02T00:00:00+00:00
A000413,C000116,FF0000000413,USD,active,2025-04-04T00:00:00+00:00
A000414,C000333,FF0000000414,EUR,active,2026-02-22T00:00:00+00:00
A000415,C000146,FF0000000415,GBP,active,2025-02-26T00:00:00+00:00
A000416,C000549,FF0000000416,EUR,active,2026-02-28T00:00:00+00:00
A000417,C000155,FF0000000417,USD,active,2025-09-06T00:00:00+00:00
A000418,C000713,FF0000000418,EUR,active,2026-08-03T00:00:00+00:00
A000419,C000714,FF0000000419,USD,active,2026-05-22T00:00:00+00:00
A000420,C000712,FF0000000420,CAD,active,2026-04-16T00:00:00+00:00
A000421,C000453,FF0000000421,GBP,active,2025-08-17T00:00:00+00:00
A000422,C000592,FF0000000422,GBP,active,2025-03-17T00:00:00+00:00
A000423,C000571,FF0000000423,USD,active,2025-03-13T00:00:00+00:00
A000424,C000088,FF0000000424,GBP,active,2026-01-01T00:00:00+00:00
A000425,C000168,FF0000000425,CAD,active,2025-04-12T00:00:00+00:00
A000426,C000035,FF0000000426,CAD,active,2026-01-11T00:00:00+00:00
A000427,C000894,FF0000000427,USD,active,2025-09-29T00:00:00+00:00
A000428,C000399,FF0000000428,INR,active,2025-04-28T00:00:00+00:00
A000429,C000458,FF0000000429,INR,active,2026-08-08T00:00:00+00:00
A000430,C000918,FF0000000430,EUR,active,2026-08-05T00:00:00+00:00
A000431,C000237,FF0000000431,USD,active,2025-04-26T00:00:00+00:00
A000432,C000685,FF0000000432,GBP,active,2025-09-02T00:00:00+00:00
A000433,C000441,FF0000000433,INR,active,2025-10-26T00:00:00+00:00
A000434,C000251,FF0000000434,GBP,active,2025-10-20T00:00:00+00:00
A000435,C000434,FF0000000435,EUR,active,2025-08-26T00:00:00+00:00
A000436,C000870,FF0000000436,USD,active,2026-04-11T00:00:00+00:00
A000437,C000555,FF0000000437,CAD,active,2026-05-13T00:00:00+00:00
A000438,C000543,FF0000000438,USD,active,2026-01-27T00:00:00+00:00
A000439,C000019,FF0000000439,USD,active,2025-10-03T00:00:00+00:00
A000440,C000013,FF0000000440,CAD,active,2025-12-11T00:00:00+00:00
A000441,C000197,FF0000000441,EUR,active,2025-05-24T00:00:00+00:00
A000442,C000645,FF0000000442,CAD,active,2025-11-02T00:00:00+00:00
A000443,C000351,FF0000000443,CAD,active,2026-06-09T00:00:00+00:00
A000444,C000230,FF0000000444,USD,active,2026-08-05T00:00:00+00:00
A000445,C000178,FF0000000445,INR,active,2025-09-13T00:00:00+00:00
A000446,C000168,FF0000000446,USD,active,2025-06-01T00:00:00+00:00
A000447,C000926,FF0000000447,EUR,active,2025-07-03T00:00:00+00:00
A000448,C000722,FF0000000448,GBP,active,2025-09-24T00:00:00+00:00
A000449,C000960,FF0000000449,INR,active,2025-08-12T00:00:00+00:00
A000450,C000644,FF0000000450,INR,active,2025-10-11T00:00:00+00:00
A000451,C000688,FF0000000451,USD,active,2026-04-13T00:00:00+00:00
A000452,C000763,FF0000000452,INR,active,2026-04-03T00:00:00+00:00
A000453,C000509,FF0000000453,CAD,active,2025-06-05T00:00:00+00:00
A000454,C000681,FF0000000454,EUR,active,2025-06-06T00:00:00+00:00
A000455,C000837,FF0000000455,CAD,active,2025-06-09T00:00:00+00:00
A000456,C000945,FF0000000456,USD,active,2026-05-10T00:00:00+00:00
A000457,C000908,FF0000000457,GBP,active,2026-05-06T00:00:00+00:00
A000458,C000878,FF0000000458,USD,active,2026-01-10T00:00:00+00:00
A000459,C000624,FF0000000459,GBP,active,2025-02-27T00:00:00+00:00
A000460,C000463,FF0000000460,CAD,active,2025-04-10T00:00:00+00:00
A000461,C000609,FF0000000461,INR,active,2026-06-07T00:00:00+00:00
A000462,C000075,FF0000000462,GBP,active,2025-09-22T00:00:00+00:00
A000463,C000868,FF0000000463,GBP,active,2026-06-18T00:00:00+00:00
A000464,C000860,FF0000000464,CAD,active,2026-04-29T00:00:00+00:00
A000465,C000372,FF0000000465,EUR,active,2025-06-04T00:00:00+00:00
A000466,C000463,FF0000000466,CAD,active,2025-02-22T00:00:00+00:00
A000467,C000786,FF0000000467,EUR,active,2025-08-23T00:00:00+00:00
A000468,C000260,FF0000000468,EUR,active,2026-06-19T00:00:00+00:00
A000469,C000272,FF0000000469,INR,active,2026-08-08T00:00:00+00:00
A000470,C000195,FF0000000470,USD,active,2025-02-10T00:00:00+00:00
A000471,C000259,FF0000000471,CAD,active,2026-03-28T00:00:00+00:00
A000472,C000385,FF0000000472,USD,active,2026-01-13T00:00:00+00:00
A000473,C000137,FF0000000473,GBP,active,2026-03-27T00:00:00+00:00
A000474,C000886,FF0000000474,INR,active,2025-03-10T00:00:00+00:00
A000475,C000286,FF0000000475,CAD,active,2025-02-06T00:00:00+00:00
A000476,C000817,FF0000000476,CAD,active,2025-11-13T00:00:00+00:00
A000477,C000595,FF0000000477,USD,active,2025-03-13T00:00:00+00:00
A000478,C000710,FF0000000478,USD,active,2025-10-15T00:00:00+00:00
A000479,C000930,FF0000000479,GBP,active,2025-07-09T00:00:00+00:00
A000480,C000905,FF0000000480,CAD,active,2026-04-05T00:00:00+00:00
A000481,C000181,FF0000000481,EUR,active,2026-08-07T00:00:00+00:00
A000482,C000753,FF0000000482,GBP,active,2026-08-23T00:00:00+00:00
A000483,C000056,FF0000000483,USD,active,2025-06-27T00:00:00+00:00
A000484,C000963,FF0000000484,CAD,active,2025-06-26T00:00:00+00:00
A000485,C000292,FF0000000485,EUR,active,2026-01-10T00:00:00+00:00
A000486,C000983,FF0000000486,CAD,active,2026-08-17T00:00:00+00:00
A000487,C000217,FF0000000487,INR,active,2026-02-15T00:00:00+00:00
A000488,C000329,FF0000000488,GBP,active,2025-08-29T00:00:00+00:00
A000489,C000333,FF0000000489,EUR,active,2025-03-23T00:00:00+00:00
A000490,C000184,FF0000000490,USD,active,2025-02-21T00:00:00+00:00
A000491,C000628,FF0000000491,INR,active,2025-02-06T00:00:00+00:00
A000492,C000698,FF0000000492,INR,active,2026-04-22T00:00:00+00:00
A000493,C000758,FF0000000493,USD,active,2025-12-19T00:00:00+00:00
A000494,C000979,FF0000000494,INR,active,2026-06-02T00:00:00+00:00
A000495,C000300,FF0000000495,INR,active,2025-08-14T00:00:00+00:00
A000496,C000756,FF0000000496,GBP,active,2025-12-31T00:00:00+00:00
A000497,C000605,FF0000000497,INR,active,2025-08-29T00:00:00+00:00
A000498,C000888,FF0000000498,INR,active,2025-09-19T00:00:00+00:00
A000499,C000003,FF0000000499,USD,active,2025-09-16T00:00:00+00:00
A000500,C000385,FF0000000500,INR,active,2026-07-31T00:00:00+00:00
A000501,C000095,FF0000000501,EUR,active,2026-04-17T00:00:00+00:00
A000502,C000641,FF0000000502,USD,active,2025-02-02T00:00:00+00:00
A000503,C000796,FF0000000503,USD,active,2026-07-13T00:00:00+00:00
A000504,C000442,FF0000000504,CAD,active,2026-05-29T00:00:00+00:00
A000505,C000915,FF0000000505,INR,active,2026-06-04T00:00:00+00:00
A000506,C000836,FF0000000506,INR,active,2026-07-19T00:00:00+00:00
A000507,C000269,FF0000000507,EUR,active,2026-05-19T00:00:00+00:00
A000508,C000379,FF0000000508,CAD,active,2025-07-19T00:00:00+00:00
A000509,C000567,FF0000000509,INR,active,2026-05-04T00:00:00+00:00
A000510,C000466,FF0000000510,CAD,active,2025-07-19T00:00:00+00:00
A000511,C000489,FF0000000511,INR,active,2026-01-17T00:00:00+00:00
A000512,C000402,FF0000000512,GBP,active,2025-08-19T00:00:00+00:00
A000513,C000413,FF0000000513,INR,active,2025-02-02T00:00:00+00:00
A000514,C000434,FF0000000514,GBP,active,2026-03-21T00:00:00+00:00
A000515,C000709,FF0000000515,GBP,active,2026-07-26T00:00:00+00:00
A000516,C000494,FF0000000516,GBP,active,2025-09-05T00:00:00+00:00
A000517,C000277,FF0000000517,GBP,active,2025-07-05T00:00:00+00:00
A000518,C000745,FF0000000518,USD,active,2025-01-17T00:00:00+00:00
A000519,C000423,FF0000000519,USD,active,2025-03-16T00:00:00+00:00
A000520,C000223,FF0000000520,USD,active,2025-12-22T00:00:00+00:00
A000521,C000235,FF0000000521,CAD,active,2025-04-10T00:00:00+00:00
A000522,C000828,FF0000000522,USD,active,2025-11-24T00:00:00+00:00
A000523,C000344,FF0000000523,GBP,active,2026-06-30T00:00:00+00:00
A000524,C000572,FF0000000524,USD,active,2026-04-28T00:00:00+00:00
A000525,C000888,FF0000000525,USD,active,2026-06-19T00:00:00+00:00
A000526,C000899,FF0000000526,CAD,active,2026-04-26T00:00:00+00:00
A000527,C000106,FF0000000527,USD,active,2026-04-23T00:00:00+00:00
A000528,C000218,FF0000000528,INR,active,2025-08-17T00:00:00+00:00
A000529,C000189,FF0000000529,CAD,active,2025-04-07T00:00:00+00:00
A000530,C000491,FF0000000530,INR,active,2025-03-10T00:00:00+00:00
A000531,C000581,FF0000000531,EUR,active,2026-03-11T00:00:00+00:00
A000532,C000416,FF0000000532,EUR,active,2025-03-15T00:00:00+00:00
A000533,C000852,FF0000000533,GBP,active,2026-08-02T00:00:00+00:00
A000534,C000619,FF0000000534,USD,active,2026-02-25T00:00:00+00:00
A000535,C000058,FF0000000535,INR,active,2026-04-11T00:00:00+00:00
A000536,C000128,FF0000000536,USD,active,2026-03-07T00:00:00+00:00
A000537,C000283,FF0000000537,INR,active,2025-04-20T00:00:00+00:00
A000538,C000960,FF0000000538,CAD,active,2026-04-21T00:00:00+00:00
A000539,C000564,FF0000000539,INR,active,2025-05-31T00:00:00+00:00
A000540,C000760,FF0000000540,EUR,active,2025-04-10T00:00:00+00:00
A000541,C000452,FF0000000541,EUR,active,2026-06-09T00:00:00+00:00
A000542,C000044,FF0000000542,USD,active,2025-07-15T00:00:00+00:00
A000543,C000699,FF0000000543,USD,active,2026-02-16T00:00:00+00:00
A000544,C000135,FF0000000544,USD,active,2025-05-17T00:00:00+00:00
A000545,C000114,FF0000000545,USD,active,2025-09-04T00:00:00+00:00
A000546,C000308,FF0000000546,INR,active,2025-02-19T00:00:00+00:00
A000547,C000616,FF0000000547,EUR,active,2025-09-05T00:00:00+00:00
A000548,C000674,FF0000000548,CAD,active,2025-06-08T00:00:00+00:00
A000549,C000254,FF0000000549,INR,active,2026-05-05T00:00:00+00:00
A000550,C000009,FF0000000550,CAD,active,2025-10-30T00:00:00+00:00
A000551,C000027,FF0000000551,GBP,active,2025-12-29T00:00:00+00:00
A000552,C000326,FF0000000552,CAD,active,2026-03-28T00:00:00+00:00
A000553,C000740,FF0000000553,INR,active,2026-03-13T00:00:00+00:00
A000554,C000100,FF0000000554,EUR,active,2026-04-09T00:00:00+00:00
A000555,C000499,FF0000000555,USD,active,2026-05-05T00:00:00+00:00
A000556,C000398,FF0000000556,CAD,active,2026-05-23T00:00:00+00:00
A000557,C000495,FF0000000557,GBP,active,2026-06-25T00:00:00+00:00
A000558,C000937,FF0000000558,CAD,active,2026-05-14T00:00:00+00:00
A000559,C000190,FF0000000559,GBP,active,2026-01-19T00:00:00+00:00
A000560,C000738,FF0000000560,USD,active,2026-04-22T00:00:00+00:00
A000561,C000038,FF0000000561,GBP,active,2025-05-16T00:00:00+00:00
A000562,C000813,FF0000000562,CAD,active,2025-05-12T00:00:00+00:00
A000563,C000894,FF0000000563,CAD,active,2025-12-11T00:00:00+00:00
A000564,C000514,FF0000000564,EUR,active,2025-07-10T00:00:00+00:00
A000565,C000353,FF0000000565,GBP,active,2026-01-19T00:00:00+00:00
A000566,C000826,FF0000000566,GBP,active,2025-06-22T00:00:00+00:00
A000567,C000949,FF0000000567,CAD,active,2025-03-16T00:00:00+00:00
A000568,C000871,FF0000000568,CAD,active,2025-03-24T00:00:00+00:00
A000569,C000005,FF0000000569,CAD,active,2026-01-08T00:00:00+00:00
A000570,C000259,FF0000000570,CAD,active,2025-10-16T00:00:00+00:00
A000571,C000449,FF0000000571,USD,active,2025-09-04T00:00:00+00:00
A000572,C000161,FF0000000572,GBP,active,2025-05-08T00:00:00+00:00
A000573,C000912,FF0000000573,GBP,active,2026-05-05T00:00:00+00:00
A000574,C000874,FF0000000574,GBP,active,2026-01-19T00:00:00+00:00
A000575,C000694,FF0000000575,GBP,active,2025-08-24T00:00:00+00:00
A000576,C000928,FF0000000576,GBP,active,2025-12-18T00:00:00+00:00
A000577,C000119,FF0000000577,GBP,active,2026-07-28T00:00:00+00:00
A000578,C000777,FF0000000578,USD,active,2026-05-25T00:00:00+00:00
A000579,C000014,FF0000000579,USD,active,2026-02-06T00:00:00+00:00
A000580,C000395,FF0000000580,INR,active,2025-04-11T00:00:00+00:00
A000581,C000815,FF0000000581,INR,active,2025-10-16T00:00:00+00:00
A000582,C000919,FF0000000582,EUR,active,2025-05-19T00:00:00+00:00
A000583,C000374,FF0000000583,GBP,active,2026-05-14T00:00:00+00:00
A000584,C000316,FF0000000584,GBP,active,2025-06-03T00:00:00+00:00
A000585,C000150,FF0000000585,EUR,active,2025-02-07T00:00:00+00:00
A000586,C000724,FF0000000586,CAD,active,2026-02-11T00:00:00+00:00
A000587,C000796,FF0000000587,USD,active,2026-05-19T00:00:00+00:00
A000588,C000626,FF0000000588,EUR,active,2025-12-11T00:00:00+00:00
A000589,C000067,FF0000000589,INR,active,2026-08-21T00:00:00+00:00
A000590,C000580,FF0000000590,EUR,active,2025-02-23T00:00:00+00:00
A000591,C000795,FF0000000591,EUR,active,2025-09-23T00:00:00+00:00
A000592,C000637,FF0000000592,EUR,active,2025-05-25T00:00:00+00:00
A000593,C000237,FF0000000593,INR,active,2025-12-26T00:00:00+00:00
A000594,C000213,FF0000000594,EUR,active,2025-04-13T00:00:00+00:00
A000595,C000717,FF0000000595,EUR,active,2026-02-10T00:00:00+00:00
A000596,C000544,FF0000000596,GBP,active,2025-04-15T00:00:00+00:00
A000597,C000472,FF0000000597,GBP,active,2025-09-14T00:00:00+00:00
A000598,C000226,FF0000000598,EUR,active,2026-06-23T00:00:00+00:00
A000599,C000658,FF0000000599,CAD,active,2026-06-19T00:00:00+00:00
A000600,C000110,FF0000000600,USD,active,2025-03-25T00:00:00+00:00
A000601,C000308,FF0000000601,GBP,active,2025-10-02T00:00:00+00:00
A000602,C000951,FF0000000602,INR,active,2026-04-18T00:00:00+00:00
A000603,C000909,FF0000000603,USD,active,2025-01-11T00:00:00+00:00
A000604,C000644,FF0000000604,CAD,active,2025-11-14T00:00:00+00:00
A000605,C000447,FF0000000605,INR,active,2025-12-06T00:00:00+00:00
A000606,C000503,FF0000000606,CAD,active,2025-02-13T00:00:00+00:00
A000607,C000155,FF0000000607,CAD,active,2025-02-19T00:00:00+00:00
A000608,C000766,FF0000000608,USD,active,2025-05-30T00:00:00+00:00
A000609,C000567,FF0000000609,GBP,active,2025-11-21T00:00:00+00:00
A000610,C000940,FF0000000610,GBP,active,2026-08-11T00:00:00+00:00
A000611,C000989,FF0000000611,CAD,active,2025-12-07T00:00:00+00:00
A000612,C000085,FF0000000612,INR,active,2025-11-12T00:00:00+00:00
A000613,C000916,FF0000000613,INR,active,2025-02-24T00:00:00+00:00
A000614,C000017,FF0000000614,INR,active,2025-09-07T00:00:00+00:00
A000615,C000256,FF0000000615,EUR,active,2025-09-08T00:00:00+00:00
A000616,C000111,FF0000000616,INR,active,2025-03-08T00:00:00+00:00
A000617,C000739,FF0000000617,GBP,active,2025-08-05T00:00:00+00:00
A000618,C000067,FF0000000618,EUR,active,2025-01-26T00:00:00+00:00
A000619,C000647,FF0000000619,INR,active,2025-03-12T00:00:00+00:00
A000620,C000896,FF0000000620,USD,active,2025-06-03T00:00:00+00:00
A000621,C000344,FF0000000621,INR,active,2025-09-30T00:00:00+00:00
A000622,C000036,FF0000000622,GBP,active,2026-07-07T00:00:00+00:00
A000623,C000962,FF0000000623,USD,active,2025-01-30T00:00:00+00:00
A000624,C000358,FF0000000624,GBP,active,2025-08-06T00:00:00+00:00
A000625,C000319,FF0000000625,USD,active,2026-06-08T00:00:00+00:00
A000626,C000468,FF0000000626,GBP,active,2026-03-06T00:00:00+00:00
A000627,C000821,FF0000000627,CAD,active,2026-02-15T00:00:00+00:00
A000628,C000704,FF0000000628,GBP,active,2026-07-03T00:00:00+00:00
A000629,C000425,FF0000000629,EUR,active,2026-05-26T00:00:00+00:00
A000630,C000004,FF0000000630,USD,active,2025-11-09T00:00:00+00:00
A000631,C000543,FF0000000631,CAD,active,2025-03-08T00:00:00+00:00
A000632,C000007,FF0000000632,GBP,active,2025-04-13T00:00:00+00:00
A000633,C000691,FF0000000633,CAD,active,2026-01-12T00:00:00+00:00
A000634,C000322,FF0000000634,GBP,active,2025-03-11T00:00:00+00:00
A000635,C000726,FF0000000635,GBP,active,2026-01-07T00:00:00+00:00
A000636,C000162,FF0000000636,INR,active,2025-06-13T00:00:00+00:00
A000637,C000004,FF0000000637,INR,active,2026-08-09T00:00:00+00:00
A000638,C000305,FF0000000638,EUR,active,2025-04-16T00:00:00+00:00
A000639,C000220,FF0000000639,CAD,active,2025-09-08T00:00:00+00:00
A000640,C000647,FF0000000640,EUR,active,2025-11-03T00:00:00+00:00
A000641,C000716,FF0000000641,EUR,active,2026-02-27T00:00:00+00:00
A000642,C000675,FF0000000642,INR,active,2025-04-25T00:00:00+00:00
A000643,C000999,FF0000000643,USD,active,2025-02-02T00:00:00+00:00
A000644,C000183,FF0000000644,GBP,active,2025-03-07T00:00:00+00:00
A000645,C000865,FF0000000645,INR,active,2025-11-16T00:00:00+00:00
A000646,C000387,FF0000000646,INR,active,2025-06-28T00:00:00+00:00
A000647,C000936,FF0000000647,USD,active,2025-05-10T00:00:00+00:00
A000648,C000589,FF0000000648,USD,active,2025-07-06T00:00:00+00:00
A000649,C000118,FF0000000649,INR,active,2025-09-20T00:00:00+00:00
A000650,C000818,FF0000000650,CAD,active,2025-11-20T00:00:00+00:00
A000651,C000629,FF0000000651,GBP,active,2025-04-12T00:00:00+00:00
A000652,C000305,FF0000000652,GBP,active,2026-04-30T00:00:00+00:00
A000653,C000599,FF0000000653,INR,active,2025-12-17T00:00:00+00:00
A000654,C000801,FF0000000654,GBP,active,2025-09-09T00:00:00+00:00
A000655,C000580,FF0000000655,USD,active,2025-12-16T00:00:00+00:00
A000656,C000519,FF0000000656,EUR,active,2025-11-08T00:00:00+00:00
A000657,C000108,FF0000000657,INR,active,2026-03-17T00:00:00+00:00
A000658,C000382,FF0000000658,USD,active,2025-02-01T00:00:00+00:00
A000659,C000510,FF0000000659,USD,active,2025-10-17T00:00:00+00:00
A000660,C000091,FF0000000660,USD,active,2026-02-25T00:00:00+00:00
A000661,C000134,FF0000000661,GBP,active,2025-12-14T00:00:00+00:00
A000662,C000587,FF0000000662,USD,active,2026-08-12T00:00:00+00:00
A000663,C000360,FF0000000663,CAD,active,2025-01-13T00:00:00+00:00
A000664,C000287,FF0000000664,GBP,active,2025-04-02T00:00:00+00:00
A000665,C000406,FF0000000665,GBP,active,2025-08-24T00:00:00+00:00
A000666,C000297,FF0000000666,CAD,active,2025-12-15T00:00:00+00:00
A000667,C000095,FF0000000667,INR,active,2025-02-21T00:00:00+00:00
A000668,C000973,FF0000000668,GBP,active,2025-04-23T00:00:00+00:00
A000669,C000324,FF0000000669,GBP,active,2025-04-14T00:00:00+00:00
A000670,C000814,FF0000000670,GBP,active,2025-08-12T00:00:00+00:00
A000671,C000889,FF0000000671,CAD,active,2025-03-18T00:00:00+00:00
A000672,C000835,FF0000000672,EUR,active,2025-06-16T00:00:00+00:00
A000673,C000046,FF0000000673,GBP,active,2026-01-06T00:00:00+00:00
A000674,C000752,FF0000000674,USD,active,2025-10-27T00:00:00+00:00
A000675,C000638,FF0000000675,CAD,active,2025-11-19T00:00:00+00:00
A000676,C000396,FF0000000676,USD,active,2025-09-21T00:00:00+00:00
A000677,C000047,FF0000000677,EUR,active,2025-12-13T00:00:00+00:00
A000678,C000192,FF0000000678,CAD,active,2025-11-11T00:00:00+00:00
A000679,C000852,FF0000000679,INR,active,2026-04-03T00:00:00+00:00
A000680,C000445,FF0000000680,USD,active,2025-02-11T00:00:00+00:00
A000681,C000351,FF0000000681,EUR,active,2026-05-16T00:00:00+00:00
A000682,C000970,FF0000000682,INR,active,2025-04-06T00:00:00+00:00
A000683,C000713,FF0000000683,INR,active,2025-12-19T00:00:00+00:00
A000684,C000340,FF0000000684,CAD,active,2026-08-07T00:00:00+00:00
A000685,C000449,FF0000000685,EUR,active,2026-05-16T00:00:00+00:00
A000686,C000384,FF0000000686,GBP,active,2025-05-08T00:00:00+00:00
A000687,C000251,FF0000000687,INR,active,2026-04-19T00:00:00+00:00
A000688,C000600,FF0000000688,GBP,active,2025-04-26T00:00:00+00:00
A000689,C000919,FF0000000689,INR,active,2025-07-29T00:00:00+00:00
A000690,C000927,FF0000000690,EUR,active,2025-03-08T00:00:00+00:00
A000691,C000412,FF0000000691,GBP,active,2026-04-17T00:00:00+00:00
A000692,C000187,FF0000000692,CAD,active,2025-06-04T00:00:00+00:00
A000693,C000806,FF0000000693,CAD,active,2025-06-05T00:00:00+00:00
A000694,C000539,FF0000000694,GBP,active,2025-03-12T00:00:00+00:00
A000695,C000202,FF0000000695,CAD,active,2026-02-09T00:00:00+00:00
A000696,C000903,FF0000000696,GBP,active,2025-06-15T00:00:00+00:00
A000697,C000990,FF0000000697,EUR,active,2025-04-09T00:00:00+00:00
A000698,C000157,FF0000000698,CAD,active,2025-06-07T00:00:00+00:00
A000699,C000678,FF0000000699,EUR,active,2025-09-01T00:00:00+00:00
A000700,C000637,FF0000000700,CAD,active,2026-04-06T00:00:00+00:00
A000701,C000611,FF0000000701,USD,active,2025-11-12T00:00:00+00:00
A000702,C000069,FF0000000702,GBP,active,2025-11-15T00:00:00+00:00
A000703,C000477,FF0000000703,INR,active,2026-06-03T00:00:00+00:00
A000704,C000656,FF0000000704,GBP,active,2025-09-16T00:00:00+00:00
A000705,C000406,FF0000000705,GBP,active,2025-12-21T00:00:00+00:00
A000706,C000616,FF0000000706,INR,active,2025-07-25T00:00:00+00:00
A000707,C000367,FF0000000707,CAD,active,2025-08-26T00:00:00+00:00
A000708,C000828,FF0000000708,GBP,active,2026-06-12T00:00:00+00:00
A000709,C000106,FF0000000709,INR,active,2025-03-31T00:00:00+00:00
A000710,C000535,FF0000000710,GBP,active,2025-04-09T00:00:00+00:00
A000711,C000318,FF0000000711,GBP,active,2026-04-27T00:00:00+00:00
A000712,C000258,FF0000000712,INR,active,2025-09-04T00:00:00+00:00
A000713,C000759,FF0000000713,EUR,active,2026-05-04T00:00:00+00:00
A000714,C000283,FF0000000714,USD,active,2025-05-15T00:00:00+00:00
A000715,C000133,FF0000000715,USD,active,2025-01-07T00:00:00+00:00
A000716,C000573,FF0000000716,INR,active,2026-05-31T00:00:00+00:00
A000717,C000792,FF0000000717,EUR,active,2025-11-14T00:00:00+00:00
A000718,C000658,FF0000000718,INR,active,2025-01-16T00:00:00+00:00
A000719,C000270,FF0000000719,USD,active,2026-01-07T00:00:00+00:00
A000720,C000354,FF0000000720,GBP,active,2025-05-22T00:00:00+00:00
A000721,C000806,FF0000000721,INR,active,2025-03-14T00:00:00+00:00
A000722,C000866,FF0000000722,EUR,active,2025-06-05T00:00:00+00:00
A000723,C000838,FF0000000723,CAD,active,2025-07-26T00:00:00+00:00
A000724,C000362,FF0000000724,EUR,active,2026-07-10T00:00:00+00:00
A000725,C000837,FF0000000725,CAD,active,2025-05-18T00:00:00+00:00
A000726,C000899,FF0000000726,EUR,active,2026-06-14T00:00:00+00:00
A000727,C000029,FF0000000727,CAD,active,2025-07-08T00:00:00+00:00
A000728,C000511,FF0000000728,GBP,active,2025-01-05T00:00:00+00:00
A000729,C000035,FF0000000729,GBP,active,2026-08-17T00:00:00+00:00
A000730,C000566,FF0000000730,GBP,active,2025-01-30T00:00:00+00:00
A000731,C000743,FF0000000731,USD,active,2025-01-06T00:00:00+00:00
A000732,C000822,FF0000000732,GBP,active,2025-11-29T00:00:00+00:00
A000733,C000003,FF0000000733,INR,active,2025-05-06T00:00:00+00:00
A000734,C000471,FF0000000734,INR,active,2026-06-22T00:00:00+00:00
A000735,C000648,FF0000000735,USD,active,2025-10-03T00:00:00+00:00
A000736,C000454,FF0000000736,INR,active,2025-11-26T00:00:00+00:00
A000737,C000226,FF0000000737,GBP,active,2025-08-18T00:00:00+00:00
A000738,C000699,FF0000000738,USD,active,2026-04-07T00:00:00+00:00
A000739,C000038,FF0000000739,GBP,active,2026-05-06T00:00:00+00:00
A000740,C000289,FF0000000740,INR,active,2025-04-01T00:00:00+00:00
A000741,C000048,FF0000000741,EUR,active,2025-06-09T00:00:00+00:00
A000742,C000995,FF0000000742,CAD,active,2025-03-22T00:00:00+00:00
A000743,C000229,FF0000000743,USD,active,2026-03-22T00:00:00+00:00
A000744,C000105,FF0000000744,EUR,active,2025-11-25T00:00:00+00:00
A000745,C000256,FF0000000745,GBP,active,2025-08-02T00:00:00+00:00
A000746,C000570,FF0000000746,GBP,active,2026-04-23T00:00:00+00:00
A000747,C000074,FF0000000747,CAD,active,2025-02-18T00:00:00+00:00
A000748,C000502,FF0000000748,INR,active,2025-04-06T00:00:00+00:00
A000749,C000302,FF0000000749,GBP,active,2026-07-29T00:00:00+00:00
A000750,C000208,FF0000000750,CAD,active,2025-03-05T00:00:00+00:00
A000751,C000404,FF0000000751,CAD,active,2026-01-16T00:00:00+00:00
A000752,C000915,FF0000000752,EUR,active,2026-04-22T00:00:00+00:00
A000753,C000501,FF0000000753,INR,active,2026-01-16T00:00:00+00:00
A000754,C000777,FF0000000754,INR,active,2025-04-23T00:00:00+00:00
A000755,C000028,FF0000000755,GBP,active,2025-11-14T00:00:00+00:00
A000756,C000297,FF0000000756,USD,active,2026-05-18T00:00:00+00:00
A000757,C000076,FF0000000757,CAD,active,2025-06-15T00:00:00+00:00
A000758,C000749,FF0000000758,CAD,active,2025-10-04T00:00:00+00:00
A000759,C000136,FF0000000759,GBP,active,2025-05-24T00:00:00+00:00
A000760,C000184,FF0000000760,USD,active,2025-02-02T00:00:00+00:00
A000761,C000509,FF0000000761,EUR,active,2025-04-04T00:00:00+00:00
A000762,C000886,FF0000000762,INR,active,2026-05-14T00:00:00+00:00
A000763,C000183,FF0000000763,CAD,active,2025-04-19T00:00:00+00:00
A000764,C000613,FF0000000764,EUR,active,2025-03-22T00:00:00+00:00
A000765,C000981,FF0000000765,INR,active,2026-06-28T00:00:00+00:00
A000766,C000755,FF0000000766,GBP,active,2026-03-21T00:00:00+00:00
A000767,C000384,FF0000000767,USD,active,2026-05-15T00:00:00+00:00
A000768,C000665,FF0000000768,EUR,active,2025-07-27T00:00:00+00:00
A000769,C000231,FF0000000769,CAD,active,2025-09-01T00:00:00+00:00
A000770,C000469,FF0000000770,GBP,active,2025-06-04T00:00:00+00:00
A000771,C000916,FF0000000771,EUR,active,2026-08-14T00:00:00+00:00
A000772,C000428,FF0000000772,GBP,active,2025-10-24T00:00:00+00:00
A000773,C000240,FF0000000773,USD,active,2026-02-17T00:00:00+00:00
A000774,C000570,FF0000000774,INR,active,2025-05-21T00:00:00+00:00
A000775,C000646,FF0000000775,GBP,active,2025-08-06T00:00:00+00:00
A000776,C000611,FF0000000776,INR,active,2025-11-16T00:00:00+00:00
A000777,C000495,FF0000000777,CAD,active,2026-07-27T00:00:00+00:00
A000778,C000929,FF0000000778,USD,active,2025-03-12T00:00:00+00:00
A000779,C000787,FF0000000779,GBP,active,2025-01-20T00:00:00+00:00
A000780,C000147,FF0000000780,INR,active,2025-02-22T00:00:00+00:00
A000781,C000909,FF0000000781,CAD,active,2025-10-27T00:00:00+00:00
A000782,C000592,FF0000000782,GBP,active,2025-12-23T00:00:00+00:00
A000783,C000562,FF0000000783,CAD,active,2026-06-14T00:00:00+00:00
A000784,C000371,FF0000000784,GBP,active,2025-08-29T00:00:00+00:00
A000785,C000116,FF0000000785,GBP,active,2026-03-06T00:00:00+00:00
A000786,C000527,FF0000000786,USD,active,2026-02-20T00:00:00+00:00
A000787,C000743,FF0000000787,EUR,active,2026-04-19T00:00:00+00:00
A000788,C000397,FF0000000788,USD,active,2026-05-20T00:00:00+00:00
A000789,C000268,FF0000000789,USD,active,2026-03-21T00:00:00+00:00
A000790,C000122,FF0000000790,CAD,active,2025-12-24T00:00:00+00:00
A000791,C000654,FF0000000791,EUR,active,2025-12-08T00:00:00+00:00
A000792,C000832,FF0000000792,INR,active,2025-03-05T00:00:00+00:00
A000793,C000109,FF0000000793,USD,active,2025-10-02T00:00:00+00:00
A000794,C000182,FF0000000794,INR,active,2026-03-15T00:00:00+00:00
A000795,C000272,FF0000000795,GBP,active,2026-01-21T00:00:00+00:00
A000796,C000373,FF0000000796,GBP,active,2025-03-15T00:00:00+00:00
A000797,C000550,FF0000000797,GBP,active,2026-08-23T00:00:00+00:00
A000798,C000764,FF0000000798,INR,active,2026-06-08T00:00:00+00:00
A000799,C000228,FF0000000799,INR,active,2025-04-19T00:00:00+00:00
A000800,C000172,FF0000000800,USD,active,2025-09-18T00:00:00+00:00
A000801,C000034,FF0000000801,CAD,active,2025-10-28T00:00:00+00:00
A000802,C000655,FF0000000802,INR,active,2025-11-27T00:00:00+00:00
A000803,C000129,FF0000000803,GBP,active,2025-07-18T00:00:00+00:00
A000804,C000242,FF0000000804,CAD,active,2026-08-09T00:00:00+00:00
A000805,C000212,FF0000000805,INR,active,2025-04-25T00:00:00+00:00
A000806,C000833,FF0000000806,GBP,active,2025-12-31T00:00:00+00:00
A000807,C000870,FF0000000807,INR,active,2025-04-29T00:00:00+00:00
A000808,C000766,FF0000000808,INR,active,2025-02-01T00:00:00+00:00
A000809,C000440,FF0000000809,GBP,active,2025-08-06T00:00:00+00:00
A000810,C000604,FF0000000810,INR,active,2026-01-26T00:00:00+00:00
A000811,C000750,FF0000000811,USD,active,2025-08-04T00:00:00+00:00
A000812,C000569,FF0000000812,EUR,active,2026-02-21T00:00:00+00:00
A000813,C000892,FF0000000813,INR,active,2026-05-13T00:00:00+00:00
A000814,C000670,FF0000000814,USD,active,2025-04-23T00:00:00+00:00
A000815,C000700,FF0000000815,INR,active,2025-05-22T00:00:00+00:00
A000816,C000580,FF0000000816,INR,active,2026-04-30T00:00:00+00:00
A000817,C000340,FF0000000817,USD,active,2025-07-05T00:00:00+00:00
A000818,C000773,FF0000000818,USD,active,2025-10-10T00:00:00+00:00
A000819,C000609,FF0000000819,CAD,active,2026-04-30T00:00:00+00:00
A000820,C000312,FF0000000820,USD,active,2025-11-22T00:00:00+00:00
A000821,C000954,FF0000000821,EUR,active,2025-02-03T00:00:00+00:00
A000822,C000270,FF0000000822,USD,active,2025-07-08T00:00:00+00:00
A000823,C000488,FF0000000823,INR,active,2025-05-01T00:00:00+00:00
A000824,C000693,FF0000000824,EUR,active,2025-12-01T00:00:00+00:00
A000825,C000246,FF0000000825,CAD,active,2025-07-28T00:00:00+00:00
A000826,C000434,FF0000000826,EUR,active,2026-01-07T00:00:00+00:00
A000827,C000797,FF0000000827,INR,active,2026-07-31T00:00:00+00:00
A000828,C000373,FF0000000828,INR,active,2025-12-29T00:00:00+00:00
A000829,C000114,FF0000000829,EUR,active,2025-04-17T00:00:00+00:00
A000830,C000248,FF0000000830,CAD,active,2025-06-06T00:00:00+00:00
A000831,C000801,FF0000000831,USD,active,2026-07-19T00:00:00+00:00
A000832,C000564,FF0000000832,INR,active,2025-07-21T00:00:00+00:00
A000833,C000164,FF0000000833,CAD,active,2025-07-01T00:00:00+00:00
A000834,C000334,FF0000000834,USD,active,2025-07-08T00:00:00+00:00
A000835,C000377,FF0000000835,USD,active,2025-10-27T00:00:00+00:00
A000836,C000761,FF0000000836,USD,active,2026-06-25T00:00:00+00:00
A000837,C000429,FF0000000837,EUR,active,2025-11-12T00:00:00+00:00
A000838,C000854,FF0000000838,CAD,active,2025-03-21T00:00:00+00:00
A000839,C000826,FF0000000839,GBP,active,2025-02-14T00:00:00+00:00
A000840,C000017,FF0000000840,CAD,active,2025-07-02T00:00:00+00:00
A000841,C000359,FF0000000841,GBP,active,2025-05-15T00:00:00+00:00
A000842,C000001,FF0000000842,USD,active,2025-01-19T00:00:00+00:00
A000843,C000460,FF0000000843,GBP,active,2025-09-14T00:00:00+00:00
A000844,C000612,FF0000000844,USD,active,2026-04-17T00:00:00+00:00
A000845,C000080,FF0000000845,CAD,active,2026-08-22T00:00:00+00:00
A000846,C000944,FF0000000846,EUR,active,2025-08-08T00:00:00+00:00
A000847,C000351,FF0000000847,CAD,active,2025-02-03T00:00:00+00:00
A000848,C000647,FF0000000848,GBP,active,2026-04-18T00:00:00+00:00
A000849,C000784,FF0000000849,USD,active,2025-05-06T00:00:00+00:00
A000850,C000377,FF0000000850,GBP,active,2026-01-23T00:00:00+00:00
A000851,C000273,FF0000000851,INR,active,2025-11-03T00:00:00+00:00
A000852,C000695,FF0000000852,USD,active,2025-06-25T00:00:00+00:00
A000853,C000455,FF0000000853,CAD,active,2026-07-01T00:00:00+00:00
A000854,C000890,FF0000000854,USD,active,2026-05-09T00:00:00+00:00
A000855,C000239,FF0000000855,USD,active,2026-06-18T00:00:00+00:00
A000856,C000314,FF0000000856,EUR,active,2026-02-20T00:00:00+00:00
A000857,C000765,FF0000000857,INR,active,2026-04-06T00:00:00+00:00
A000858,C000295,FF0000000858,CAD,active,2026-02-21T00:00:00+00:00
A000859,C000669,FF0000000859,INR,active,2026-04-22T00:00:00+00:00
A000860,C000463,FF0000000860,USD,active,2026-08-22T00:00:00+00:00
A000861,C000115,FF0000000861,EUR,active,2026-04-21T00:00:00+00:00
A000862,C000619,FF0000000862,GBP,active,2025-10-20T00:00:00+00:00
A000863,C000075,FF0000000863,EUR,active,2026-01-11T00:00:00+00:00
A000864,C000843,FF0000000864,CAD,active,2026-04-28T00:00:00+00:00
A000865,C000922,FF0000000865,GBP,active,2025-09-18T00:00:00+00:00
A000866,C000376,FF0000000866,GBP,active,2025-02-17T00:00:00+00:00
A000867,C000304,FF0000000867,INR,active,2025-05-11T00:00:00+00:00
A000868,C000773,FF0000000868,EUR,active,2025-07-19T00:00:00+00:00
A000869,C000237,FF0000000869,INR,active,2026-05-02T00:00:00+00:00
A000870,C000342,FF0000000870,GBP,active,2026-04-24T00:00:00+00:00
A000871,C000602,FF0000000871,USD,active,2026-03-20T00:00:00+00:00
A000872,C000593,FF0000000872,CAD,active,2025-07-11T00:00:00+00:00
A000873,C000016,FF0000000873,CAD,active,2025-06-02T00:00:00+00:00
A000874,C000006,FF0000000874,USD,active,2025-06-12T00:00:00+00:00
A000875,C000423,FF0000000875,GBP,active,2025-12-23T00:00:00+00:00
A000876,C000426,FF0000000876,CAD,active,2026-07-02T00:00:00+00:00
A000877,C000697,FF0000000877,USD,active,2026-06-01T00:00:00+00:00
A000878,C000372,FF0000000878,EUR,active,2025-10-06T00:00:00+00:00
A000879,C000796,FF0000000879,CAD,active,2026-03-14T00:00:00+00:00
A000880,C000146,FF0000000880,CAD,active,2025-10-28T00:00:00+00:00
A000881,C000584,FF0000000881,EUR,active,2026-03-18T00:00:00+00:00
A000882,C000317,FF0000000882,USD,active,2026-08-18T00:00:00+00:00
A000883,C000256,FF0000000883,CAD,active,2026-02-21T00:00:00+00:00
A000884,C000840,FF0000000884,GBP,active,2026-01-11T00:00:00+00:00
A000885,C000092,FF0000000885,INR,active,2026-08-20T00:00:00+00:00
A000886,C000877,FF0000000886,INR,active,2026-04-05T00:00:00+00:00
A000887,C000408,FF0000000887,EUR,active,2025-05-17T00:00:00+00:00
A000888,C000887,FF0000000888,CAD,active,2026-03-05T00:00:00+00:00
A000889,C000017,FF0000000889,EUR,active,2026-01-10T00:00:00+00:00
A000890,C000926,FF0000000890,EUR,active,2025-07-12T00:00:00+00:00
A000891,C000154,FF0000000891,CAD,active,2026-07-01T00:00:00+00:00
A000892,C000074,FF0000000892,USD,active,2026-08-03T00:00:00+00:00
A000893,C000349,FF0000000893,USD,active,2025-02-16T00:00:00+00:00
A000894,C000398,FF0000000894,INR,active,2025-06-12T00:00:00+00:00
A000895,C000699,FF0000000895,INR,active,2025-08-17T00:00:00+00:00
A000896,C000023,FF0000000896,EUR,active,2025-03-11T00:00:00+00:00
A000897,C000411,FF0000000897,GBP,active,2026-07-01T00:00:00+00:00
A000898,C000777,FF0000000898,INR,active,2026-08-09T00:00:00+00:00
A000899,C000734,FF0000000899,USD,active,2026-01-24T00:00:00+00:00
A000900,C000933,FF0000000900,USD,active,2026-07-21T00:00:00+00:00
A000901,C000956,FF0000000901,GBP,active,2026-04-06T00:00:00+00:00
A000902,C000547,FF0000000902,EUR,active,2025-04-06T00:00:00+00:00
A000903,C000248,FF0000000903,CAD,active,2025-10-30T00:00:00+00:00
A000904,C000725,FF0000000904,USD,active,2025-04-01T00:00:00+00:00
A000905,C000562,FF0000000905,EUR,active,2026-02-23T00:00:00+00:00
A000906,C000883,FF0000000906,GBP,active,2025-08-12T00:00:00+00:00
A000907,C000091,FF0000000907,USD,active,2025-02-03T00:00:00+00:00
A000908,C000277,FF0000000908,USD,active,2025-06-24T00:00:00+00:00
A000909,C000287,FF0000000909,USD,active,2026-08-14T00:00:00+00:00
A000910,C000015,FF0000000910,CAD,active,2026-03-31T00:00:00+00:00
A000911,C000460,FF0000000911,GBP,active,2026-04-03T00:00:00+00:00
A000912,C000699,FF0000000912,EUR,active,2025-03-18T00:00:00+00:00
A000913,C000279,FF0000000913,EUR,active,2025-09-26T00:00:00+00:00
A000914,C000925,FF0000000914,INR,active,2025-01-13T00:00:00+00:00
A000915,C000518,FF0000000915,GBP,active,2026-06-01T00:00:00+00:00
A000916,C000550,FF0000000916,USD,active,2025-06-12T00:00:00+00:00
A000917,C000376,FF0000000917,EUR,active,2025-08-17T00:00:00+00:00
A000918,C000870,FF0000000918,USD,active,2025-04-10T00:00:00+00:00
A000919,C000379,FF0000000919,USD,active,2026-05-21T00:00:00+00:00
A000920,C000465,FF0000000920,GBP,active,2025-05-09T00:00:00+00:00
A000921,C000733,FF0000000921,CAD,active,2025-12-31T00:00:00+00:00
A000922,C000674,FF0000000922,EUR,active,2025-12-20T00:00:00+00:00
A000923,C000459,FF0000000923,INR,active,2025-06-20T00:00:00+00:00
A000924,C000229,FF0000000924,INR,active,2026-05-23T00:00:00+00:00
A000925,C000686,FF0000000925,USD,active,2026-02-27T00:00:00+00:00
A000926,C000619,FF0000000926,USD,active,2025-04-29T00:00:00+00:00
A000927,C000919,FF0000000927,EUR,active,2026-06-15T00:00:00+00:00
A000928,C000090,FF0000000928,EUR,active,2025-07-28T00:00:00+00:00
A000929,C000575,FF0000000929,INR,active,2025-05-29T00:00:00+00:00
A000930,C000577,FF0000000930,USD,active,2025-08-30T00:00:00+00:00
A000931,C000581,FF0000000931,INR,active,2025-06-13T00:00:00+00:00
A000932,C000638,FF0000000932,CAD,active,2025-04-23T00:00:00+00:00
A000933,C000659,FF0000000933,CAD,active,2025-10-25T00:00:00+00:00
A000934,C000632,FF0000000934,EUR,active,2025-10-27T00:00:00+00:00
A000935,C000008,FF0000000935,EUR,active,2026-08-08T00:00:00+00:00
A000936,C000896,FF0000000936,USD,active,2025-03-03T00:00:00+00:00
A000937,C000061,FF0000000937,EUR,active,2026-07-09T00:00:00+00:00
A000938,C000473,FF0000000938,GBP,active,2025-02-24T00:00:00+00:00
A000939,C000798,FF0000000939,USD,active,2026-01-15T00:00:00+00:00
A000940,C000511,FF0000000940,GBP,active,2026-01-15T00:00:00+00:00
A000941,C000531,FF0000000941,EUR,active,2025-07-02T00:00:00+00:00
A000942,C000807,FF0000000942,CAD,active,2025-11-11T00:00:00+00:00
A000943,C000579,FF0000000943,USD,active,2026-04-17T00:00:00+00:00
A000944,C000224,FF0000000944,EUR,active,2025-07-13T00:00:00+00:00
A000945,C000670,FF0000000945,INR,active,2025-08-23T00:00:00+00:00
A000946,C000471,FF0000000946,USD,active,2025-04-06T00:00:00+00:00
A000947,C000288,FF0000000947,CAD,active,2025-07-21T00:00:00+00:00
A000948,C000482,FF0000000948,CAD,active,2026-04-20T00:00:00+00:00
A000949,C000504,FF0000000949,EUR,active,2026-06-09T00:00:00+00:00
A000950,C000892,FF0000000950,USD,active,2025-02-06T00:00:00+00:00
A000951,C000277,FF0000000951,GBP,active,2026-03-21T00:00:00+00:00
A000952,C000220,FF0000000952,EUR,active,2025-05-31T00:00:00+00:00
A000953,C000756,FF0000000953,USD,active,2026-06-22T00:00:00+00:00
A000954,C000118,FF0000000954,EUR,active,2025-10-27T00:00:00+00:00
A000955,C000406,FF0000000955,CAD,active,2026-06-08T00:00:00+00:00
A000956,C000380,FF0000000956,INR,active,2025-09-03T00:00:00+00:00
A000957,C000807,FF0000000957,GBP,active,2025-06-21T00:00:00+00:00
A000958,C000230,FF0000000958,EUR,active,2025-11-08T00:00:00+00:00
A000959,C000933,FF0000000959,CAD,active,2025-05-07T00:00:00+00:00
A000960,C000882,FF0000000960,USD,active,2026-03-11T00:00:00+00:00
A000961,C000303,FF0000000961,EUR,active,2026-07-25T00:00:00+00:00
A000962,C000694,FF0000000962,USD,active,2025-11-10T00:00:00+00:00
A000963,C000996,FF0000000963,CAD,active,2026-02-10T00:00:00+00:00
A000964,C000866,FF0000000964,EUR,active,2025-08-31T00:00:00+00:00
A000965,C000452,FF0000000965,GBP,active,2025-06-03T00:00:00+00:00
A000966,C000686,FF0000000966,GBP,active,2025-03-19T00:00:00+00:00
A000967,C000521,FF0000000967,INR,active,2026-04-16T00:00:00+00:00
A000968,C000397,FF0000000968,GBP,active,2025-11-03T00:00:00+00:00
A000969,C000793,FF0000000969,CAD,active,2025-03-03T00:00:00+00:00
A000970,C000947,FF0000000970,INR,active,2025-02-21T00:00:00+00:00
A000971,C000741,FF0000000971,INR,active,2026-05-10T00:00:00+00:00
A000972,C000736,FF0000000972,INR,active,2025-12-20T00:00:00+00:00
A000973,C000544,FF0000000973,CAD,active,2026-04-30T00:00:00+00:00
A000974,C000708,FF0000000974,GBP,active,2025-07-13T00:00:00+00:00
A000975,C000113,FF0000000975,USD,active,2026-02-23T00:00:00+00:00
A000976,C000924,FF0000000976,EUR,active,2026-04-16T00:00:00+00:00
A000977,C000187,FF0000000977,CAD,active,2025-08-31T00:00:00+00:00
A000978,C000140,FF0000000978,GBP,active,2025-03-23T00:00:00+00:00
A000979,C000507,FF0000000979,CAD,active,2025-06-28T00:00:00+00:00
A000980,C000138,FF0000000980,CAD,active,2026-05-27T00:00:00+00:00
A000981,C000941,FF0000000981,EUR,active,2026-04-08T00:00:00+00:00
A000982,C000837,FF0000000982,USD,active,2025-08-09T00:00:00+00:00
A000983,C000159,FF0000000983,GBP,active,2025-05-23T00:00:00+00:00
A000984,C000774,FF0000000984,INR,active,2025-06-22T00:00:00+00:00
A000985,C000802,FF0000000985,CAD,active,2026-08-17T00:00:00+00:00
A000986,C000400,FF0000000986,CAD,active,2025-01-12T00:00:00+00:00
A000987,C000432,FF0000000987,EUR,active,2025-05-08T00:00:00+00:00
A000988,C000143,FF0000000988,EUR,active,2026-02-13T00:00:00+00:00
A000989,C000973,FF0000000989,INR,active,2025-09-28T00:00:00+00:00
A000990,C000618,FF0000000990,USD,active,2025-02-16T00:00:00+00:00
A000991,C000287,FF0000000991,CAD,active,2025-07-19T00:00:00+00:00
A000992,C000271,FF0000000992,CAD,active,2026-01-05T00:00:00+00:00
A000993,C000589,FF0000000993,INR,active,2026-05-07T00:00:00+00:00
A000994,C000316,FF0000000994,INR,active,2025-08-28T00:00:00+00:00
A000995,C000492,FF0000000995,GBP,active,2026-06-18T00:00:00+00:00
A000996,C000162,FF0000000996,CAD,active,2025-10-08T00:00:00+00:00
A000997,C000909,FF0000000997,USD,active,2025-10-06T00:00:00+00:00
A000998,C000522,FF0000000998,USD,active,2025-10-26T00:00:00+00:00
A000999,C000518,FF0000000999,USD,active,2026-05-12T00:00:00+00:00
A001000,C000004,FF0000001000,USD,active,2026-02-02T00:00:00+00:00
A001001,C000843,FF0000001001,CAD,active,2026-05-08T00:00:00+00:00
A001002,C000013,FF0000001002,INR,active,2025-04-22T00:00:00+00:00
A001003,C000621,FF0000001003,EUR,active,2025-02-08T00:00:00+00:00
A001004,C000546,FF0000001004,EUR,active,2025-02-04T00:00:00+00:00
A001005,C000539,FF0000001005,GBP,active,2026-06-10T00:00:00+00:00
A001006,C000634,FF0000001006,USD,active,2026-06-22T00:00:00+00:00
A001007,C000873,FF0000001007,EUR,active,2026-07-13T00:00:00+00:00
A001008,C000734,FF0000001008,CAD,active,2025-06-04T00:00:00+00:00
A001009,C000061,FF0000001009,GBP,active,2025-06-29T00:00:00+00:00
A001010,C000734,FF0000001010,INR,active,2026-01-01T00:00:00+00:00
A001011,C000102,FF0000001011,CAD,active,2025-08-14T00:00:00+00:00
A001012,C000130,FF0000001012,CAD,active,2026-05-05T00:00:00+00:00
A001013,C000572,FF0000001013,USD,active,2026-06-21T00:00:00+00:00
A001014,C000109,FF0000001014,INR,active,2025-02-08T00:00:00+00:00
A001015,C000971,FF0000001015,EUR,active,2026-07-22T00:00:00+00:00
A001016,C000643,FF0000001016,INR,active,2026-06-12T00:00:00+00:00
A001017,C000777,FF0000001017,EUR,active,2025-05-27T00:00:00+00:00
A001018,C000197,FF0000001018,USD,active,2025-04-30T00:00:00+00:00
A001019,C000634,FF0000001019,USD,active,2026-07-20T00:00:00+00:00
A001020,C000644,FF0000001020,USD,active,2025-05-21T00:00:00+00:00
A001021,C000074,FF0000001021,EUR,active,2026-07-26T00:00:00+00:00
A001022,C000965,FF0000001022,EUR,active,2026-05-10T00:00:00+00:00
A001023,C000396,FF0000001023,USD,active,2026-06-01T00:00:00+00:00
A001024,C000978,FF0000001024,USD,active,2026-08-08T00:00:00+00:00
A001025,C000091,FF0000001025,EUR,active,2025-04-18T00:00:00+00:00
A001026,C000532,FF0000001026,EUR,active,2026-03-13T00:00:00+00:00
A001027,C000764,FF0000001027,GBP,active,2025-11-19T00:00:00+00:00
A001028,C000471,FF0000001028,GBP,active,2026-02-20T00:00:00+00:00
A001029,C000314,FF0000001029,EUR,active,2025-02-24T00:00:00+00:00
A001030,C000120,FF0000001030,CAD,active,2026-06-29T00:00:00+00:00
A001031,C000132,FF0000001031,EUR,active,2026-04-02T00:00:00+00:00
A001032,C000493,FF0000001032,GBP,active,2025-03-30T00:00:00+00:00
A001033,C000745,FF0000001033,GBP,active,2025-11-18T00:00:00+00:00
A001034,C000508,FF0000001034,INR,active,2026-05-15T00:00:00+00:00
A001035,C000412,FF0000001035,INR,active,2026-01-27T00:00:00+00:00
A001036,C000755,FF0000001036,INR,active,2025-10-11T00:00:00+00:00
A001037,C000893,FF0000001037,EUR,active,2025-05-01T00:00:00+00:00
A001038,C000710,FF0000001038,USD,active,2025-07-11T00:00:00+00:00
A001039,C000126,FF0000001039,INR,active,2025-02-05T00:00:00+00:00
A001040,C000985,FF0000001040,INR,active,2025-12-13T00:00:00+00:00
A001041,C000731,FF0000001041,EUR,active,2026-01-03T00:00:00+00:00
A001042,C000627,FF0000001042,USD,active,2025-12-04T00:00:00+00:00
A001043,C000686,FF0000001043,USD,active,2025-08-06T00:00:00+00:00
A001044,C000877,FF0000001044,EUR,active,2026-03-30T00:00:00+00:00
A001045,C000366,FF0000001045,CAD,active,2025-11-01T00:00:00+00:00
A001046,C000813,FF0000001046,INR,active,2025-11-10T00:00:00+00:00
A001047,C000242,FF0000001047,INR,active,2025-07-03T00:00:00+00:00
A001048,C000119,FF0000001048,INR,active,2026-07-24T00:00:00+00:00
A001049,C000507,FF0000001049,USD,active,2025-01-04T00:00:00+00:00
A001050,C000483,FF0000001050,INR,active,2025-08-08T00:00:00+00:00
A001051,C000386,FF0000001051,EUR,active,2026-03-15T00:00:00+00:00
A001052,C000044,FF0000001052,GBP,active,2025-09-07T00:00:00+00:00
A001053,C000974,FF0000001053,EUR,active,2026-03-18T00:00:00+00:00
A001054,C000181,FF0000001054,GBP,active,2025-09-16T00:00:00+00:00
A001055,C000219,FF0000001055,CAD,active,2026-05-07T00:00:00+00:00
A001056,C000426,FF0000001056,GBP,active,2025-06-14T00:00:00+00:00
A001057,C000172,FF0000001057,USD,active,2026-07-14T00:00:00+00:00
A001058,C000994,FF0000001058,GBP,active,2025-12-02T00:00:00+00:00
A001059,C000619,FF0000001059,INR,active,2026-08-09T00:00:00+00:00
A001060,C000403,FF0000001060,CAD,active,2025-06-24T00:00:00+00:00
A001061,C000658,FF0000001061,CAD,active,2026-06-20T00:00:00+00:00
A001062,C000274,FF0000001062,USD,active,2025-08-24T00:00:00+00:00
A001063,C000539,FF0000001063,EUR,active,2026-05-31T00:00:00+00:00
A001064,C000194,FF0000001064,USD,active,2025-09-17T00:00:00+00:00
A001065,C000094,FF0000001065,CAD,active,2026-05-17T00:00:00+00:00
A001066,C000311,FF0000001066,USD,active,2025-05-30T00:00:00+00:00
A001067,C000903,FF0000001067,CAD,active,2025-11-06T00:00:00+00:00
A001068,C000391,FF0000001068,INR,active,2025-07-17T00:00:00+00:00
A001069,C000192,FF0000001069,EUR,active,2026-04-04T00:00:00+00:00
A001070,C000971,FF0000001070,INR,active,2026-05-16T00:00:00+00:00
A001071,C000946,FF0000001071,EUR,active,2025-07-10T00:00:00+00:00
A001072,C000405,FF0000001072,USD,active,2025-04-05T00:00:00+00:00
A001073,C000612,FF0000001073,GBP,active,2026-04-29T00:00:00+00:00
A001074,C000655,FF0000001074,USD,active,2026-04-01T00:00:00+00:00
A001075,C000893,FF0000001075,INR,active,2026-03-13T00:00:00+00:00
A001076,C000833,FF0000001076,EUR,active,2025-12-20T00:00:00+00:00
A001077,C000205,FF0000001077,INR,active,2026-02-14T00:00:00+00:00
A001078,C000994,FF0000001078,USD,active,2026-08-01T00:00:00+00:00
A001079,C000655,FF0000001079,INR,active,2025-01-22T00:00:00+00:00
A001080,C000868,FF0000001080,USD,active,2025-06-24T00:00:00+00:00
A001081,C000626,FF0000001081,INR,active,2025-01-20T00:00:00+00:00
A001082,C000753,FF0000001082,INR,active,2026-07-10T00:00:00+00:00
A001083,C000125,FF0000001083,CAD,active,2026-05-26T00:00:00+00:00
A001084,C000500,FF0000001084,INR,active,2025-09-15T00:00:00+00:00
A001085,C000064,FF0000001085,USD,active,2026-02-14T00:00:00+00:00
A001086,C000587,FF0000001086,GBP,active,2026-04-15T00:00:00+00:00
A001087,C000069,FF0000001087,USD,active,2025-12-01T00:00:00+00:00
A001088,C000938,FF0000001088,INR,active,2025-02-19T00:00:00+00:00
A001089,C000599,FF0000001089,INR,active,2025-01-04T00:00:00+00:00
A001090,C000198,FF0000001090,INR,active,2025-10-10T00:00:00+00:00
A001091,C000871,FF0000001091,INR,active,2026-03-10T00:00:00+00:00
A001092,C000261,FF0000001092,CAD,active,2026-08-08T00:00:00+00:00
A001093,C000934,FF0000001093,INR,active,2025-07-18T00:00:00+00:00
A001094,C000666,FF0000001094,USD,active,2025-04-07T00:00:00+00:00
A001095,C000646,FF0000001095,INR,active,2026-06-30T00:00:00+00:00
A001096,C000127,FF0000001096,USD,active,2026-06-25T00:00:00+00:00
A001097,C000210,FF0000001097,INR,active,2025-02-07T00:00:00+00:00
A001098,C000568,FF0000001098,EUR,active,2025-07-26T00:00:00+00:00
A001099,C000744,FF0000001099,GBP,active,2026-02-05T00:00:00+00:00
A001100,C000230,FF0000001100,INR,active,2025-06-10T00:00:00+00:00
A001101,C000389,FF0000001101,USD,active,2025-02-10T00:00:00+00:00
A001102,C000446,FF0000001102,EUR,active,2025-06-30T00:00:00+00:00
A001103,C000506,FF0000001103,GBP,active,2026-05-18T00:00:00+00:00
A001104,C000058,FF0000001104,USD,active,2025-12-22T00:00:00+00:00
A001105,C000812,FF0000001105,EUR,active,2025-09-14T00:00:00+00:00
A001106,C000145,FF0000001106,GBP,active,2026-05-05T00:00:00+00:00
A001107,C000441,FF0000001107,USD,active,2025-09-30T00:00:00+00:00
A001108,C000517,FF0000001108,CAD,active,2025-10-15T00:00:00+00:00
A001109,C000062,FF0000001109,CAD,active,2025-02-05T00:00:00+00:00
A001110,C000424,FF0000001110,CAD,active,2025-09-29T00:00:00+00:00
A001111,C000008,FF0000001111,USD,active,2025-03-10T00:00:00+00:00
A001112,C000104,FF0000001112,CAD,active,2025-07-19T00:00:00+00:00
A001113,C000652,FF0000001113,GBP,active,2025-02-03T00:00:00+00:00
A001114,C000463,FF0000001114,USD,active,2026-03-13T00:00:00+00:00
A001115,C000595,FF0000001115,GBP,active,2026-07-07T00:00:00+00:00
A001116,C000603,FF0000001116,GBP,active,2025-06-22T00:00:00+00:00
A001117,C000881,FF0000001117,USD,active,2025-04-25T00:00:00+00:00
A001118,C000512,FF0000001118,INR,active,2026-01-15T00:00:00+00:00
A001119,C000994,FF0000001119,EUR,active,2025-01-18T00:00:00+00:00
A001120,C000294,FF0000001120,GBP,active,2026-08-12T00:00:00+00:00
A001121,C000669,FF0000001121,EUR,active,2026-07-08T00:00:00+00:00
A001122,C000492,FF0000001122,INR,active,2026-07-17T00:00:00+00:00
A001123,C000396,FF0000001123,INR,active,2026-03-22T00:00:00+00:00
A001124,C000748,FF0000001124,EUR,active,2025-06-05T00:00:00+00:00
A001125,C000318,FF0000001125,USD,active,2025-04-30T00:00:00+00:00
A001126,C000296,FF0000001126,EUR,active,2025-04-06T00:00:00+00:00
A001127,C000467,FF0000001127,USD,active,2026-05-26T00:00:00+00:00
A001128,C000195,FF0000001128,GBP,active,2026-04-20T00:00:00+00:00
A001129,C000994,FF0000001129,CAD,active,2025-12-03T00:00:00+00:00
A001130,C000243,FF0000001130,CAD,active,2025-06-15T00:00:00+00:00
A001131,C000249,FF0000001131,GBP,active,2026-05-05T00:00:00+00:00
A001132,C000450,FF0000001132,EUR,active,2026-02-20T00:00:00+00:00
A001133,C000026,FF0000001133,GBP,active,2025-06-28T00:00:00+00:00
A001134,C000514,FF0000001134,USD,active,2025-10-15T00:00:00+00:00
A001135,C000652,FF0000001135,CAD,active,2025-04-24T00:00:00+00:00
A001136,C000636,FF0000001136,GBP,active,2026-03-24T00:00:00+00:00
A001137,C000925,FF0000001137,EUR,active,2025-10-28T00:00:00+00:00
A001138,C000942,FF0000001138,GBP,active,2025-05-31T00:00:00+00:00
A001139,C000320,FF0000001139,CAD,active,2026-07-26T00:00:00+00:00
A001140,C000620,FF0000001140,USD,active,2025-08-23T00:00:00+00:00
A001141,C000439,FF0000001141,USD,active,2026-06-13T00:00:00+00:00
A001142,C000686,FF0000001142,CAD,active,2026-05-08T00:00:00+00:00
A001143,C000094,FF0000001143,GBP,active,2026-06-05T00:00:00+00:00
A001144,C000510,FF0000001144,GBP,active,2025-08-28T00:00:00+00:00
A001145,C000375,FF0000001145,USD,active,2026-04-05T00:00:00+00:00
A001146,C000205,FF0000001146,EUR,active,2026-02-04T00:00:00+00:00
A001147,C000899,FF0000001147,GBP,active,2025-12-24T00:00:00+00:00
A001148,C000013,FF0000001148,GBP,active,2026-05-01T00:00:00+00:00
A001149,C000287,FF0000001149,GBP,active,2026-03-30T00:00:00+00:00
A001150,C000546,FF0000001150,USD,active,2026-05-29T00:00:00+00:00
A001151,C000957,FF0000001151,EUR,active,2025-10-13T00:00:00+00:00
A001152,C000234,FF0000001152,USD,active,2025-11-06T00:00:00+00:00
A001153,C000606,FF0000001153,GBP,active,2026-03-19T00:00:00+00:00
A001154,C000108,FF0000001154,EUR,active,2025-02-19T00:00:00+00:00
A001155,C000813,FF0000001155,USD,active,2025-08-12T00:00:00+00:00
A001156,C000049,FF0000001156,USD,active,2026-02-12T00:00:00+00:00
A001157,C000793,FF0000001157,EUR,active,2025-12-08T00:00:00+00:00
A001158,C000738,FF0000001158,GBP,active,2025-01-20T00:00:00+00:00
A001159,C000658,FF0000001159,INR,active,2025-08-25T00:00:00+00:00
A001160,C000374,FF0000001160,EUR,active,2026-05-25T00:00:00+00:00
A001161,C000367,FF0000001161,USD,active,2026-03-04T00:00:00+00:00
A001162,C000135,FF0000001162,CAD,active,2025-12-09T00:00:00+00:00
A001163,C000747,FF0000001163,GBP,active,2026-06-28T00:00:00+00:00
A001164,C000885,FF0000001164,USD,active,2026-07-10T00:00:00+00:00
A001165,C000080,FF0000001165,INR,active,2025-10-15T00:00:00+00:00
A001166,C000420,FF0000001166,CAD,active,2025-09-10T00:00:00+00:00
A001167,C000516,FF0000001167,CAD,active,2025-08-07T00:00:00+00:00
A001168,C000005,FF0000001168,EUR,active,2025-06-18T00:00:00+00:00
A001169,C000581,FF0000001169,USD,active,2026-03-15T00:00:00+00:00
A001170,C000929,FF0000001170,USD,active,2025-10-25T00:00:00+00:00
A001171,C000850,FF0000001171,GBP,active,2025-06-26T00:00:00+00:00
A001172,C000145,FF0000001172,EUR,active,2025-04-11T00:00:00+00:00
A001173,C000684,FF0000001173,GBP,active,2026-03-17T00:00:00+00:00
A001174,C000229,FF0000001174,CAD,active,2026-05-01T00:00:00+00:00
A001175,C000958,FF0000001175,USD,active,2026-04-11T00:00:00+00:00
A001176,C000476,FF0000001176,CAD,active,2026-03-15T00:00:00+00:00
A001177,C000773,FF0000001177,CAD,active,2025-05-02T00:00:00+00:00
A001178,C000019,FF0000001178,INR,active,2025-09-13T00:00:00+00:00
A001179,C000713,FF0000001179,INR,active,2025-02-23T00:00:00+00:00
A001180,C000291,FF0000001180,CAD,active,2025-05-07T00:00:00+00:00
A001181,C000069,FF0000001181,GBP,active,2025-05-24T00:00:00+00:00
A001182,C000340,FF0000001182,INR,active,2026-04-08T00:00:00+00:00
A001183,C000445,FF0000001183,EUR,active,2026-04-28T00:00:00+00:00
A001184,C000889,FF0000001184,EUR,active,2025-02-10T00:00:00+00:00
A001185,C000389,FF0000001185,INR,active,2025-10-18T00:00:00+00:00
A001186,C000876,FF0000001186,EUR,active,2026-02-23T00:00:00+00:00
A001187,C000333,FF0000001187,USD,active,2025-01-21T00:00:00+00:00
A001188,C000257,FF0000001188,CAD,active,2025-02-28T00:00:00+00:00
A001189,C000930,FF0000001189,GBP,active,2026-05-21T00:00:00+00:00
A001190,C000068,FF0000001190,GBP,active,2026-07-29T00:00:00+00:00
A001191,C000050,FF0000001191,INR,active,2026-08-11T00:00:00+00:00
A001192,C000775,FF0000001192,CAD,active,2025-08-30T00:00:00+00:00
A001193,C000091,FF0000001193,CAD,active,2025-12-03T00:00:00+00:00
A001194,C000373,FF0000001194,USD,active,2026-03-16T00:00:00+00:00
A001195,C000496,FF0000001195,CAD,active,2026-04-02T00:00:00+00:00
A001196,C000816,FF0000001196,USD,active,2026-03-28T00:00:00+00:00
A001197,C000833,FF0000001197,EUR,active,2026-07-19T00:00:00+00:00
A001198,C000193,FF0000001198,EUR,active,2025-01-11T00:00:00+00:00
A001199,C000173,FF0000001199,EUR,active,2025-07-10T00:00:00+00:00
A001200,C000572,FF0000001200,INR,active,2025-05-02T00:00:00+00:00
A001201,C000101,FF0000001201,CAD,active,2025-02-18T00:00:00+00:00
A001202,C000053,FF0000001202,CAD,active,2026-05-04T00:00:00+00:00
A001203,C000839,FF0000001203,GBP,active,2026-07-17T00:00:00+00:00
A001204,C000265,FF0000001204,INR,active,2025-08-12T00:00:00+00:00
A001205,C000907,FF0000001205,CAD,active,2026-03-15T00:00:00+00:00
A001206,C000508,FF0000001206,INR,active,2025-12-24T00:00:00+00:00
A001207,C000862,FF0000001207,GBP,active,2025-10-23T00:00:00+00:00
A001208,C000465,FF0000001208,EUR,active,2026-06-22T00:00:00+00:00
A001209,C000530,FF0000001209,USD,active,2025-02-08T00:00:00+00:00
A001210,C000800,FF0000001210,USD,active,2026-02-12T00:00:00+00:00
A001211,C000536,FF0000001211,CAD,active,2026-06-23T00:00:00+00:00
A001212,C000809,FF0000001212,GBP,active,2025-12-14T00:00:00+00:00
A001213,C000603,FF0000001213,USD,active,2025-04-29T00:00:00+00:00
A001214,C000365,FF0000001214,EUR,active,2025-05-30T00:00:00+00:00
A001215,C000071,FF0000001215,USD,active,2026-02-05T00:00:00+00:00
A001216,C000747,FF0000001216,INR,active,2025-08-16T00:00:00+00:00
A001217,C000945,FF0000001217,CAD,active,2025-12-01T00:00:00+00:00
A001218,C000615,FF0000001218,INR,active,2025-08-24T00:00:00+00:00
A001219,C000161,FF0000001219,GBP,active,2025-07-05T00:00:00+00:00
A001220,C000459,FF0000001220,CAD,active,2025-10-13T00:00:00+00:00
A001221,C000035,FF0000001221,USD,active,2025-03-08T00:00:00+00:00
A001222,C000886,FF0000001222,USD,active,2026-07-15T00:00:00+00:00
A001223,C000985,FF0000001223,GBP,active,2025-02-11T00:00:00+00:00
A001224,C000961,FF0000001224,INR,active,2026-01-13T00:00:00+00:00
A001225,C000424,FF0000001225,CAD,active,2025-06-07T00:00:00+00:00
A001226,C000315,FF0000001226,USD,active,2025-11-23T00:00:00+00:00
A001227,C000420,FF0000001227,USD,active,2026-01-21T00:00:00+00:00
A001228,C000955,FF0000001228,EUR,active,2026-05-13T00:00:00+00:00
A001229,C000492,FF0000001229,EUR,active,2026-07-18T00:00:00+00:00
A001230,C000343,FF0000001230,EUR,active,2025-01-02T00:00:00+00:00
A001231,C000498,FF0000001231,INR,active,2025-11-06T00:00:00+00:00
A001232,C000978,FF0000001232,USD,active,2025-04-26T00:00:00+00:00
A001233,C000455,FF0000001233,GBP,active,2026-04-03T00:00:00+00:00
A001234,C000518,FF0000001234,GBP,active,2025-05-25T00:00:00+00:00
A001235,C000452,FF0000001235,CAD,active,2026-04-26T00:00:00+00:00
A001236,C000531,FF0000001236,GBP,active,2025-06-22T00:00:00+00:00
A001237,C000429,FF0000001237,EUR,active,2025-08-06T00:00:00+00:00
A001238,C000867,FF0000001238,USD,active,2026-06-02T00:00:00+00:00
A001239,C000774,FF0000001239,INR,active,2025-08-18T00:00:00+00:00
A001240,C000777,FF0000001240,USD,active,2026-04-29T00:00:00+00:00
A001241,C000907,FF0000001241,GBP,active,2025-10-04T00:00:00+00:00
A001242,C000737,FF0000001242,INR,active,2025-07-26T00:00:00+00:00
A001243,C000878,FF0000001243,CAD,active,2026-02-04T00:00:00+00:00
A001244,C000554,FF0000001244,CAD,active,2025-01-24T00:00:00+00:00
A001245,C000290,FF0000001245,CAD,active,2025-08-04T00:00:00+00:00
A001246,C000541,FF0000001246,USD,active,2025-11-24T00:00:00+00:00
A001247,C000407,FF0000001247,EUR,active,2025-08-14T00:00:00+00:00
A001248,C000901,FF0000001248,INR,active,2026-06-04T00:00:00+00:00
A001249,C000597,FF0000001249,USD,active,2025-01-14T00:00:00+00:00
A001250,C000568,FF0000001250,GBP,active,2025-01-25T00:00:00+00:00
A001251,C000013,FF0000001251,CAD,active,2026-07-03T00:00:00+00:00
A001252,C000832,FF0000001252,CAD,active,2026-01-20T00:00:00+00:00
A001253,C000246,FF0000001253,GBP,active,2026-04-14T00:00:00+00:00
A001254,C000394,FF0000001254,USD,active,2025-10-10T00:00:00+00:00
A001255,C000120,FF0000001255,GBP,active,2025-02-14T00:00:00+00:00
A001256,C000482,FF0000001256,INR,active,2026-03-27T00:00:00+00:00
A001257,C000130,FF0000001257,CAD,active,2025-08-06T00:00:00+00:00
A001258,C000900,FF0000001258,CAD,active,2025-07-17T00:00:00+00:00
A001259,C000156,FF0000001259,INR,active,2025-02-11T00:00:00+00:00
A001260,C000772,FF0000001260,EUR,active,2025-11-11T00:00:00+00:00
A001261,C000887,FF0000001261,GBP,active,2026-06-14T00:00:00+00:00
A001262,C000268,FF0000001262,INR,active,2025-09-20T00:00:00+00:00
A001263,C000339,FF0000001263,EUR,active,2025-04-15T00:00:00+00:00
A001264,C000769,FF0000001264,EUR,active,2026-01-07T00:00:00+00:00
A001265,C000823,FF0000001265,EUR,active,2026-05-15T00:00:00+00:00
A001266,C000837,FF0000001266,INR,active,2026-07-30T00:00:00+00:00
A001267,C000424,FF0000001267,EUR,active,2025-02-12T00:00:00+00:00
A001268,C000200,FF0000001268,CAD,active,2025-03-11T00:00:00+00:00
A001269,C000380,FF0000001269,EUR,active,2026-01-30T00:00:00+00:00
A001270,C000189,FF0000001270,GBP,active,2026-08-02T00:00:00+00:00
A001271,C000141,FF0000001271,CAD,active,2025-04-16T00:00:00+00:00
A001272,C000945,FF0000001272,GBP,active,2025-05-21T00:00:00+00:00
A001273,C000477,FF0000001273,CAD,active,2026-01-16T00:00:00+00:00
A001274,C000554,FF0000001274,USD,active,2025-12-10T00:00:00+00:00
A001275,C000277,FF0000001275,CAD,active,2026-01-05T00:00:00+00:00
A001276,C000682,FF0000001276,CAD,active,2025-06-20T00:00:00+00:00
A001277,C000197,FF0000001277,USD,active,2026-08-08T00:00:00+00:00
A001278,C000585,FF0000001278,EUR,active,2026-06-01T00:00:00+00:00
A001279,C000607,FF0000001279,CAD,active,2025-07-26T00:00:00+00:00
A001280,C000350,FF0000001280,EUR,active,2025-03-10T00:00:00+00:00
A001281,C000495,FF0000001281,EUR,active,2025-10-05T00:00:00+00:00
A001282,C000005,FF0000001282,INR,active,2025-03-04T00:00:00+00:00
A001283,C000959,FF0000001283,EUR,active,2026-05-11T00:00:00+00:00
A001284,C000289,FF0000001284,INR,active,2026-06-27T00:00:00+00:00
A001285,C000216,FF0000001285,INR,active,2025-07-04T00:00:00+00:00
A001286,C000285,FF0000001286,INR,active,2026-05-02T00:00:00+00:00
A001287,C000099,FF0000001287,USD,active,2025-07-13T00:00:00+00:00
A001288,C000891,FF0000001288,INR,active,2025-02-24T00:00:00+00:00
A001289,C000244,FF0000001289,CAD,active,2025-12-29T00:00:00+00:00
A001290,C000838,FF0000001290,CAD,active,2025-10-11T00:00:00+00:00
A001291,C000950,FF0000001291,CAD,active,2026-03-28T00:00:00+00:00
A001292,C000576,FF0000001292,CAD,active,2026-06-14T00:00:00+00:00
A001293,C000769,FF0000001293,GBP,active,2025-03-06T00:00:00+00:00
A001294,C000373,FF0000001294,USD,active,2025-11-20T00:00:00+00:00
A001295,C000749,FF0000001295,USD,active,2025-09-07T00:00:00+00:00
A001296,C000389,FF0000001296,USD,active,2025-02-11T00:00:00+00:00
A001297,C000605,FF0000001297,INR,active,2025-02-28T00:00:00+00:00
A001298,C000969,FF0000001298,EUR,active,2026-03-28T00:00:00+00:00
A001299,C000064,FF0000001299,EUR,active,2025-04-30T00:00:00+00:00
A001300,C000821,FF0000001300,INR,active,2026-05-28T00:00:00+00:00
A001301,C000368,FF0000001301,GBP,active,2025-07-16T00:00:00+00:00
A001302,C000807,FF0000001302,EUR,active,2025-02-20T00:00:00+00:00
A001303,C000018,FF0000001303,EUR,active,2025-06-07T00:00:00+00:00
A001304,C000466,FF0000001304,GBP,active,2026-08-23T00:00:00+00:00
A001305,C000791,FF0000001305,CAD,active,2025-09-21T00:00:00+00:00
A001306,C000757,FF0000001306,EUR,active,2025-06-01T00:00:00+00:00
A001307,C000431,FF0000001307,CAD,active,2025-05-29T00:00:00+00:00
A001308,C000023,FF0000001308,EUR,active,2026-03-03T00:00:00+00:00
A001309,C000240,FF0000001309,EUR,active,2026-02-19T00:00:00+00:00
A001310,C000756,FF0000001310,EUR,active,2025-10-23T00:00:00+00:00
A001311,C000173,FF0000001311,USD,active,2026-04-19T00:00:00+00:00
A001312,C000301,FF0000001312,CAD,active,2026-01-25T00:00:00+00:00
A001313,C000001,FF0000001313,EUR,active,2026-06-11T00:00:00+00:00
A001314,C000333,FF0000001314,EUR,active,2026-06-18T00:00:00+00:00
A001315,C000955,FF0000001315,USD,active,2026-02-27T00:00:00+00:00
A001316,C000331,FF0000001316,EUR,active,2026-07-12T00:00:00+00:00
A001317,C000268,FF0000001317,CAD,active,2025-03-12T00:00:00+00:00
A001318,C000889,FF0000001318,EUR,active,2026-03-07T00:00:00+00:00
A001319,C000318,FF0000001319,EUR,active,2026-01-28T00:00:00+00:00
A001320,C000865,FF0000001320,INR,active,2025-02-08T00:00:00+00:00
A001321,C000848,FF0000001321,CAD,active,2026-06-15T00:00:00+00:00
A001322,C000852,FF0000001322,INR,active,2026-03-12T00:00:00+00:00
A001323,C000531,FF0000001323,EUR,active,2025-07-19T00:00:00+00:00
A001324,C000469,FF0000001324,INR,active,2025-05-25T00:00:00+00:00
A001325,C000441,FF0000001325,INR,active,2026-02-04T00:00:00+00:00
A001326,C000709,FF0000001326,INR,active,2025-01-09T00:00:00+00:00
A001327,C000582,FF0000001327,GBP,active,2025-03-04T00:00:00+00:00
A001328,C000291,FF0000001328,CAD,active,2025-04-29T00:00:00+00:00
A001329,C000427,FF0000001329,USD,active,2025-07-26T00:00:00+00:00
A001330,C000219,FF0000001330,USD,active,2025-12-14T00:00:00+00:00
A001331,C000573,FF0000001331,USD,active,2026-06-07T00:00:00+00:00
A001332,C000555,FF0000001332,GBP,active,2025-09-06T00:00:00+00:00
A001333,C000084,FF0000001333,EUR,active,2026-08-11T00:00:00+00:00
A001334,C000999,FF0000001334,CAD,active,2025-08-25T00:00:00+00:00
A001335,C000534,FF0000001335,USD,active,2025-04-17T00:00:00+00:00
A001336,C000075,FF0000001336,CAD,active,2025-02-19T00:00:00+00:00
A001337,C000168,FF0000001337,USD,active,2025-11-17T00:00:00+00:00
A001338,C000694,FF0000001338,EUR,active,2026-08-17T00:00:00+00:00
A001339,C000425,FF0000001339,CAD,active,2025-08-01T00:00:00+00:00
A001340,C000845,FF0000001340,EUR,active,2025-12-29T00:00:00+00:00
A001341,C000656,FF0000001341,CAD,active,2025-07-26T00:00:00+00:00
A001342,C000044,FF0000001342,USD,active,2025-03-21T00:00:00+00:00
A001343,C000126,FF0000001343,INR,active,2025-02-28T00:00:00+00:00
A001344,C000103,FF0000001344,INR,active,2025-05-02T00:00:00+00:00
A001345,C000727,FF0000001345,CAD,active,2025-01-08T00:00:00+00:00
A001346,C000869,FF0000001346,USD,active,2025-03-18T00:00:00+00:00
A001347,C000503,FF0000001347,INR,active,2026-02-27T00:00:00+00:00
A001348,C000214,FF0000001348,GBP,active,2026-05-29T00:00:00+00:00
A001349,C000153,FF0000001349,EUR,active,2025-08-25T00:00:00+00:00
A001350,C000786,FF0000001350,CAD,active,2026-04-25T00:00:00+00:00
A001351,C000231,FF0000001351,CAD,active,2025-02-01T00:00:00+00:00
A001352,C000138,FF0000001352,CAD,active,2025-07-04T00:00:00+00:00
A001353,C000251,FF0000001353,GBP,active,2025-09-04T00:00:00+00:00
A001354,C000215,FF0000001354,CAD,active,2026-08-02T00:00:00+00:00
A001355,C000833,FF0000001355,USD,active,2025-07-26T00:00:00+00:00
A001356,C000631,FF0000001356,INR,active,2026-07-15T00:00:00+00:00
A001357,C000912,FF0000001357,USD,active,2025-07-10T00:00:00+00:00
A001358,C000894,FF0000001358,USD,active,2025-08-30T00:00:00+00:00
A001359,C000232,FF0000001359,INR,active,2025-11-22T00:00:00+00:00
A001360,C000999,FF0000001360,USD,active,2026-04-05T00:00:00+00:00
A001361,C000597,FF0000001361,EUR,active,2025-02-16T00:00:00+00:00
A001362,C000980,FF0000001362,USD,active,2025-07-27T00:00:00+00:00
A001363,C000644,FF0000001363,INR,active,2025-11-09T00:00:00+00:00
A001364,C000614,FF0000001364,GBP,active,2025-09-09T00:00:00+00:00
A001365,C000082,FF0000001365,INR,active,2025-06-20T00:00:00+00:00
A001366,C000479,FF0000001366,CAD,active,2025-11-12T00:00:00+00:00
A001367,C000403,FF0000001367,EUR,active,2026-03-16T00:00:00+00:00
A001368,C000832,FF0000001368,EUR,active,2026-02-11T00:00:00+00:00
A001369,C000332,FF0000001369,USD,active,2026-01-09T00:00:00+00:00
A001370,C000075,FF0000001370,CAD,active,2025-04-02T00:00:00+00:00
A001371,C000782,FF0000001371,CAD,active,2025-06-13T00:00:00+00:00
A001372,C000321,FF0000001372,EUR,active,2025-11-24T00:00:00+00:00
A001373,C000211,FF0000001373,INR,active,2026-03-15T00:00:00+00:00
A001374,C000228,FF0000001374,USD,active,2026-04-20T00:00:00+00:00
A001375,C000351,FF0000001375,USD,active,2025-11-13T00:00:00+00:00
A001376,C000096,FF0000001376,USD,active,2026-08-15T00:00:00+00:00
A001377,C000048,FF0000001377,INR,active,2026-02-17T00:00:00+00:00
A001378,C000924,FF0000001378,CAD,active,2026-04-01T00:00:00+00:00
A001379,C000093,FF0000001379,CAD,active,2025-08-22T00:00:00+00:00
A001380,C000445,FF0000001380,CAD,active,2025-10-08T00:00:00+00:00
A001381,C000004,FF0000001381,GBP,active,2026-06-09T00:00:00+00:00
A001382,C000166,FF0000001382,USD,active,2025-07-10T00:00:00+00:00
A001383,C000426,FF0000001383,INR,active,2026-01-19T00:00:00+00:00
A001384,C000985,FF0000001384,EUR,active,2025-07-23T00:00:00+00:00
A001385,C000803,FF0000001385,EUR,active,2025-11-23T00:00:00+00:00
A001386,C000302,FF0000001386,INR,active,2025-07-27T00:00:00+00:00
A001387,C000357,FF0000001387,INR,active,2026-04-13T00:00:00+00:00
A001388,C000573,FF0000001388,GBP,active,2025-01-13T00:00:00+00:00
A001389,C000381,FF0000001389,INR,active,2025-08-28T00:00:00+00:00
A001390,C000268,FF0000001390,INR,active,2026-01-16T00:00:00+00:00
A001391,C000311,FF0000001391,CAD,active,2025-03-14T00:00:00+00:00
A001392,C000386,FF0000001392,CAD,active,2026-01-11T00:00:00+00:00
A001393,C000925,FF0000001393,INR,active,2025-04-30T00:00:00+00:00
A001394,C000272,FF0000001394,INR,active,2025-04-29T00:00:00+00:00
A001395,C000949,FF0000001395,INR,active,2026-01-27T00:00:00+00:00
A001396,C000574,FF0000001396,GBP,active,2025-10-11T00:00:00+00:00
A001397,C000834,FF0000001397,USD,active,2025-07-18T00:00:00+00:00
A001398,C000553,FF0000001398,INR,active,2025-01-17T00:00:00+00:00
A001399,C000146,FF0000001399,USD,active,2026-05-29T00:00:00+00:00
A001400,C000205,FF0000001400,EUR,active,2025-12-30T00:00:00+00:00
A001401,C000277,FF0000001401,USD,active,2025-08-31T00:00:00+00:00
A001402,C000780,FF0000001402,INR,active,2025-09-09T00:00:00+00:00
A001403,C000888,FF0000001403,CAD,active,2025-05-03T00:00:00+00:00
A001404,C000365,FF0000001404,CAD,active,2025-03-06T00:00:00+00:00
A001405,C000121,FF0000001405,GBP,active,2025-07-13T00:00:00+00:00
A001406,C000536,FF0000001406,GBP,active,2025-07-01T00:00:00+00:00
A001407,C000858,FF0000001407,CAD,active,2025-08-26T00:00:00+00:00
A001408,C000222,FF0000001408,CAD,active,2026-06-28T00:00:00+00:00
A001409,C000804,FF0000001409,USD,active,2026-01-21T00:00:00+00:00
A001410,C000154,FF0000001410,INR,active,2025-01-01T00:00:00+00:00
A001411,C000691,FF0000001411,EUR,active,2026-01-19T00:00:00+00:00
A001412,C000122,FF0000001412,EUR,active,2025-05-10T00:00:00+00:00
A001413,C000801,FF0000001413,INR,active,2025-06-07T00:00:00+00:00
A001414,C000655,FF0000001414,EUR,active,2026-02-04T00:00:00+00:00
A001415,C000624,FF0000001415,USD,active,2026-04-14T00:00:00+00:00
A001416,C000273,FF0000001416,INR,active,2025-04-03T00:00:00+00:00
A001417,C000330,FF0000001417,INR,active,2026-08-07T00:00:00+00:00
A001418,C000753,FF0000001418,INR,active,2025-01-12T00:00:00+00:00
A001419,C000506,FF0000001419,CAD,active,2025-09-11T00:00:00+00:00
A001420,C000274,FF0000001420,CAD,active,2025-01-19T00:00:00+00:00
A001421,C000449,FF0000001421,CAD,active,2025-12-15T00:00:00+00:00
A001422,C000265,FF0000001422,CAD,active,2025-01-28T00:00:00+00:00
A001423,C000014,FF0000001423,EUR,active,2026-01-14T00:00:00+00:00
A001424,C000166,FF0000001424,EUR,active,2025-05-10T00:00:00+00:00
A001425,C000606,FF0000001425,USD,active,2025-02-21T00:00:00+00:00
A001426,C000332,FF0000001426,CAD,active,2025-11-12T00:00:00+00:00
A001427,C000350,FF0000001427,USD,active,2026-03-08T00:00:00+00:00
A001428,C000896,FF0000001428,INR,active,2025-02-27T00:00:00+00:00
A001429,C000416,FF0000001429,GBP,active,2025-03-14T00:00:00+00:00
A001430,C000764,FF0000001430,CAD,active,2026-07-03T00:00:00+00:00
A001431,C000620,FF0000001431,USD,active,2025-08-17T00:00:00+00:00
A001432,C000698,FF0000001432,USD,active,2025-05-14T00:00:00+00:00
A001433,C000252,FF0000001433,EUR,active,2025-04-30T00:00:00+00:00
A001434,C000276,FF0000001434,CAD,active,2025-10-16T00:00:00+00:00
A001435,C000249,FF0000001435,INR,active,2025-12-13T00:00:00+00:00
A001436,C000476,FF0000001436,CAD,active,2026-03-26T00:00:00+00:00
A001437,C000841,FF0000001437,EUR,active,2026-03-15T00:00:00+00:00
A001438,C000097,FF0000001438,GBP,active,2026-02-27T00:00:00+00:00
A001439,C000722,FF0000001439,GBP,active,2025-08-20T00:00:00+00:00
A001440,C000166,FF0000001440,EUR,active,2025-06-06T00:00:00+00:00
A001441,C000543,FF0000001441,EUR,active,2026-03-23T00:00:00+00:00
A001442,C000069,FF0000001442,INR,active,2025-08-02T00:00:00+00:00
A001443,C000757,FF0000001443,USD,active,2026-05-04T00:00:00+00:00
A001444,C000555,FF0000001444,GBP,active,2025-03-28T00:00:00+00:00
A001445,C000131,FF0000001445,EUR,active,2025-05-23T00:00:00+00:00
A001446,C000669,FF0000001446,CAD,active,2026-02-17T00:00:00+00:00
A001447,C000517,FF0000001447,GBP,active,2025-06-27T00:00:00+00:00
A001448,C000069,FF0000001448,EUR,active,2025-05-20T00:00:00+00:00
A001449,C000845,FF0000001449,EUR,active,2025-08-29T00:00:00+00:00
A001450,C000622,FF0000001450,EUR,active,2025-01-27T00:00:00+00:00
A001451,C000511,FF0000001451,EUR,active,2025-10-23T00:00:00+00:00
A001452,C000202,FF0000001452,GBP,active,2025-03-30T00:00:00+00:00
A001453,C000097,FF0000001453,EUR,active,2026-04-18T00:00:00+00:00
A001454,C000214,FF0000001454,EUR,active,2025-05-08T00:00:00+00:00
A001455,C000270,FF0000001455,INR,active,2026-04-01T00:00:00+00:00
A001456,C000102,FF0000001456,GBP,active,2025-06-17T00:00:00+00:00
A001457,C000072,FF0000001457,INR,active,2026-02-16T00:00:00+00:00
A001458,C000981,FF0000001458,INR,active,2025-07-01T00:00:00+00:00
A001459,C000165,FF0000001459,CAD,active,2025-04-20T00:00:00+00:00
A001460,C000333,FF0000001460,CAD,active,2025-08-17T00:00:00+00:00
A001461,C000470,FF0000001461,EUR,active,2025-05-16T00:00:00+00:00
A001462,C000033,FF0000001462,EUR,active,2025-05-31T00:00:00+00:00
A001463,C000933,FF0000001463,GBP,active,2025-09-14T00:00:00+00:00
A001464,C000193,FF0000001464,GBP,active,2025-05-04T00:00:00+00:00
A001465,C000969,FF0000001465,USD,active,2025-10-08T00:00:00+00:00
A001466,C000840,FF0000001466,USD,active,2026-01-07T00:00:00+00:00
A001467,C000109,FF0000001467,EUR,active,2026-04-16T00:00:00+00:00
A001468,C000839,FF0000001468,EUR,active,2025-03-07T00:00:00+00:00
A001469,C000386,FF0000001469,INR,active,2026-07-02T00:00:00+00:00
A001470,C000819,FF0000001470,EUR,active,2026-03-07T00:00:00+00:00
A001471,C000612,FF0000001471,GBP,active,2026-07-20T00:00:00+00:00
A001472,C000293,FF0000001472,CAD,active,2025-11-21T00:00:00+00:00
A001473,C000836,FF0000001473,GBP,active,2026-03-24T00:00:00+00:00
A001474,C000576,FF0000001474,USD,active,2025-04-06T00:00:00+00:00
A001475,C000811,FF0000001475,USD,active,2025-07-31T00:00:00+00:00
A001476,C000627,FF0000001476,INR,active,2025-12-05T00:00:00+00:00
A001477,C000767,FF0000001477,CAD,active,2026-07-15T00:00:00+00:00
A001478,C000059,FF0000001478,EUR,active,2025-02-19T00:00:00+00:00
A001479,C000321,FF0000001479,EUR,active,2025-12-18T00:00:00+00:00
A001480,C000007,FF0000001480,EUR,active,2026-03-17T00:00:00+00:00
A001481,C000258,FF0000001481,INR,active,2026-06-26T00:00:00+00:00
A001482,C000168,FF0000001482,EUR,active,2026-04-27T00:00:00+00:00
A001483,C000872,FF0000001483,GBP,active,2025-06-11T00:00:00+00:00
A001484,C000822,FF0000001484,USD,active,2025-09-16T00:00:00+00:00
A001485,C000076,FF0000001485,INR,active,2026-02-28T00:00:00+00:00
A001486,C000328,FF0000001486,CAD,active,2025-10-29T00:00:00+00:00
A001487,C000846,FF0000001487,EUR,active,2026-02-05T00:00:00+00:00
A001488,C000055,FF0000001488,INR,active,2025-02-07T00:00:00+00:00
A001489,C000461,FF0000001489,CAD,active,2025-09-27T00:00:00+00:00
A001490,C000495,FF0000001490,INR,active,2025-06-30T00:00:00+00:00
A001491,C000335,FF0000001491,INR,active,2026-07-20T00:00:00+00:00
A001492,C000588,FF0000001492,GBP,active,2025-03-30T00:00:00+00:00
A001493,C000396,FF0000001493,USD,active,2025-01-24T00:00:00+00:00
A001494,C000616,FF0000001494,USD,active,2026-07-06T00:00:00+00:00
A001495,C000790,FF0000001495,INR,active,2026-01-12T00:00:00+00:00
A001496,C000282,FF0000001496,CAD,active,2025-05-30T00:00:00+00:00
A001497,C000924,FF0000001497,EUR,active,2026-06-22T00:00:00+00:00
A001498,C000751,FF0000001498,CAD,active,2025-09-23T00:00:00+00:00
A001499,C000015,FF0000001499,EUR,active,2026-06-20T00:00:00+00:00
A001500,C000069,FF0000001500,INR,active,2026-06-12T00:00:00+00:00
