customer_id,name,email,created_at
C000001,Customer 0001,customer0001@example.test,2025-08-22T00:00:00+00:00
C000002,Customer 0002,customer0002@example.test,2025-12-30T00:00:00+00:00
C000003,Customer 0003,customer0003@example.test,2025-03-20T00:00:00+00:00
C000004,Customer 0004,customer0004@example.test,2025-10-26T00:00:00+00:00
C000005,Customer 0005,customer0005@example.test,2026-08-01T00:00:00+00:00
C000006,Customer 0006,customer0006@example.test,2025-04-14T00:00:00+00:00
C000007,Customer 0007,customer0007@example.test,2025-10-14T00:00:00+00:00
C000008,Customer 0008,customer0008@example.test,2025-05-12T00:00:00+00:00
C000009,Customer 0009,customer0009@example.test,2026-05-28T00:00:00+00:00
C000010,Customer 0010,customer0010@example.test,2026-07-24T00:00:00+00:00
C000011,Customer 0011,customer0011@example.test,2025-04-15T00:00:00+00:00
C000012,Customer 0012,customer0012@example.test,2025-04-16T00:00:00+00:00
C000013,Customer 0013,customer0013@example.test,2026-05-02T00:00:00+00:00
C000014,Customer 0014,customer0014@example.test,2025-01-06T00:00:00+00:00
C000015,Customer 0015,customer0015@example.test,2025-07-15T00:00:00+00:00
C000016,Customer 0016,customer0016@example.test,2025-05-03T00:00:00+00:00
C000017,Customer 0017,customer0017@example.test,2026-07-10T00:00:00+00:00
C000018,Customer 0018,customer0018@example.test,2025-06-20T00:00:00+00:00
C000019,Customer 0019,customer0019@example.test,2025-06-30T00:00:00+00:00
C000020,Customer 0020,customer0020@example.test,2025-04-23T00:00:00+00:00
C000021,Customer 0021,customer0021@example.test,2025-11-20T00:00:00+00:00
C000022,Customer 0022,customer0022@example.test,2025-07-21T00:00:00+00:00
C000023,Customer 0023,customer0023@example.test,2026-01-07T00:00:00+00:00
C000024,Customer 0024,customer0024@example.test,2026-05-11T00:00:00+00:00
C000025,Customer 0025,customer0025@example.test,2025-08-29T00:00:00+00:00
C000026,Customer 0026,customer0026@example.test,2025-01-03T00:00:00+00:00
C000027,Customer 0027,customer0027@example.test,2026-08-01T00:00:00+00:00
C000028,Customer 0028,customer0028@example.test,2025-12-12T00:00:00+00:00
C000029,Customer 0029,customer0029@example.test,2025-09-29T00:00:00+00:00
C000030,Customer 0030,customer0030@example.test,2026-07-13T00:00:00+00:00
C000031,Customer 0031,customer0031@example.test,2025-02-18T00:00:00+00:00
C000032,Customer 0032,customer0032@example.test,2025-08-07T00:00:00+00:00
C000033,Customer 0033,customer0033@example.test,2026-07-14T00:00:00+00:00
C000034,Customer 0034,customer0034@example.test,2025-03-01T00:00:00+00:00
C000035,Customer 0035,customer0035@example.test,2025-02-19T00:00:00+00:00
C000036,Customer 0036,customer0036@example.test,2025-03-31T00:00:00+00:00
C000037,Customer 0037,customer0037@example.test,2025-02-10T00:00:00+00:00
C000038,Customer 0038,customer0038@example.test,2025-01-18T00:00:00+00:00
C000039,Customer 0039,customer0039@example.test,2025-02-07T00:00:00+00:00
C000040,Customer 0040,customer0040@example.test,2026-06-08T00:00:00+00:00
C000041,Customer 0041,customer0041@example.test,2025-01-27T00:00:00+00:00
C000042,Customer 0042,customer0042@example.test,2026-04-11T00:00:00+00:00
C000043,Customer 0043,customer0043@example.test,2025-04-28T00:00:00+00:00
C000044,Customer 0044,customer0044@example.test,2025-10-23T00:00:00+00:00
C000045,Customer 0045,customer0045@example.test,2025-02-19T00:00:00+00:00
C000046,Customer 0046,customer0046@example.test,2025-11-27T00:00:00+00:00
C000047,Customer 0047,customer0047@example.test,2025-02-24T00:00:00+00:00
C000048,Customer 0048,customer0048@example.test,2025-02-21T00:00:00+00:00
C000049,Customer 0049,customer0049@example.test,2026-04-17T00:00:00+00:00
C000050,Customer 0050,customer0050@example.test,2025-07-17T00:00:00+00:00
C000051,Customer 0051,customer0051@example.test,2026-06-04T00:00:00+00:00
C000052,Customer 0052,customer0052@example.test,2026-01-25T00:00:00+00:00
C000053,Customer 0053,customer0053@example.test,2026-05-31T00:00:00+00:00
C000054,Customer 0054,customer0054@example.test,2026-02-09T00:00:00+00:00
C000055,Customer 0055,customer0055@example.test,2025-05-15T00:00:00+00:00
C000056,Customer 0056,customer0056@example.test,2025-08-16T00:00:00+00:00
C000057,Customer 0057,customer0057@example.test,2026-07-05T00:00:00+00:00
C000058,Customer 0058,customer0058@example.test,2026-07-16T00:00:00+00:00
C000059,Customer 0059,customer0059@example.test,2026-02-04T00:00:00+00:00
C000060,Customer 0060,customer0060@example.test,2025-05-22T00:00:00+00:00
C000061,Customer 0061,customer0061@example.test,2025-04-01T00:00:00+00:00
C000062,Customer 0062,customer0062@example.test,2026-05-31T00:00:00+00:00
C000063,Customer 0063,customer0063@example.test,2026-07-23T00:00:00+00:00
C000064,Customer 0064,customer0064@example.test,2026-01-16T00:00:00+00:00
C000065,Customer 0065,customer0065@example.test,2025-02-02T00:00:00+00:00
C000066,Customer 0066,customer0066@example.test,2026-04-19T00:00:00+00:00
C000067,Customer 0067,customer0067@example.test,2025-10-14T00:00:00+00:00
C000068,Customer 0068,customer0068@example.test,2025-12-22T00:00:00+00:00
C000069,Customer 0069,customer0069@example.test,2026-03-27T00:00:00+00:00
C000070,Customer 0070,customer0070@example.test,2025-03-04T00:00:00+00:00
C000071,Customer 0071,customer0071@example.test,2026-02-21T00:00:00+00:00
C000072,Customer 0072,customer0072@example.test,2025-12-20T00:00:00+00:00
C000073,Customer 0073,customer0073@example.test,2025-12-23T00:00:00+00:00
C000074,Customer 0074,customer0074@example.test,2025-08-27T00:00:00+00:00
C000075,Customer 0075,customer0075@example.test,2026-04-23T00:00:00+00:00
C000076,Customer 0076,customer0076@example.test,2026-05-01T00:00:00+00:00
C000077,Customer 0077,customer0077@example.test,2025-07-20T00:00:00+00:00
C000078,Customer 0078,customer0078@example.test,2025-10-31T00:00:00+00:00
C000079,Customer 0079,customer0079@example.test,2026-02-15T00:00:00+00:00
C000080,Customer 0080,customer0080@example.test,2026-03-02T00:00:00+00:00
C000081,Customer 0081,customer0081@example.test,2025-03-18T00:00:00+00:00
C000082,Customer 0082,customer0082@example.test,2026-07-23T00:00:00+00:00
C000083,Customer 0083,customer0083@example.test,2026-03-13T00:00:00+00:00
C000084,Customer 0084,customer0084@example.test,2025-02-19T00:00:00+00:00
C000085,Customer 0085,customer0085@example.test,2025-01-02T00:00:00+00:00
C000086,Customer 0086,customer0086@example.test,2025-05-18T00:00:00+00:00
C000087,Customer 0087,customer0087@example.test,2025-12-09T00:00:00+00:00
C000088,Customer 0088,customer0088@example.test,2026-07-07T00:00:00+00:00
C000089,Customer 0089,customer0089@example.test,2025-04-05T00:00:00+00:00
C000090,Customer 0090,customer0090@example.test,2026-05-19T00:00:00+00:00
C000091,Customer 0091,customer0091@example.test,2025-02-18T00:00:00+00:00
C000092,Customer 0092,customer0092@example.test,2025-04-21T00:00:00+00:00
C000093,Customer 0093,customer0093@example.test,2025-07-13T00:00:00+00:00
C000094,Customer 0094,customer0094@example.test,2025-10-03T00:00:00+00:00
C000095,Customer 0095,customer0095@example.test,2026-01-17T00:00:00+00:00
C000096,Customer 0096,customer0096@example.test,2025-01-06T00:00:00+00:00
C000097,Customer 0097,customer0097@example.test,2026-06-05T00:00:00+00:00
C000098,Customer 0098,customer0098@example.test,2025-09-24T00:00:00+00:00
C000099,Customer 0099,customer0099@example.test,2025-10-31T00:00:00+00:00
C000100,Customer 0100,customer0100@example.test,2025-03-01T00:00:00+00:00
C000101,Customer 0101,customer0101@example.test,2025-05-29T00:00:00+00:00
C000102,Customer 0102,customer0102@example.test,2025-05-01T00:00:00+00:00
C000103,Customer 0103,customer0103@example.test,2025-03-05T00:00:00+00:00
C000104,Customer 0104,customer0104@example.test,2025-05-21T00:00:00+00:00
C000105,Customer 0105,customer0105@example.test,2025-07-11T00:00:00+00:00
C000106,Customer 0106,customer0106@example.test,2026-06-04T00:00:00+00:00
C000107,Customer 0107,customer0107@example.test,2025-12-02T00:00:00+00:00
C000108,Customer 0108,customer0108@example.test,2026-03-06T00:00:00+00:00
C000109,Customer 0109,customer0109@example.test,2026-02-08T00:00:00+00:00
C000110,Customer 0110,customer0110@example.test,2026-01-04T00:00:00+00:00
C000111,Customer 0111,customer0111@example.test,2026-06-21T00:00:00+00:00
C000112,Customer 0112,customer0112@example.test,2026-06-07T00:00:00+00:00
C000113,Customer 0113,customer0113@example.test,2025-01-28T00:00:00+00:00
C000114,Customer 0114,customer0114@example.test,2025-10-24T00:00:00+00:00
C000115,Customer 0115,customer0115@example.test,2025-06-25T00:00:00+00:00
C000116,Customer 0116,customer0116@example.test,2026-02-21T00:00:00+00:00
C000117,Customer 0117,customer0117@example.test,2025-01-14T00:00:00+00:00
C000118,Customer 0118,customer0118@example.test,2025-02-02T00:00:00+00:00
C000119,Customer 0119,customer0119@example.test,2025-06-22T00:00:00+00:00
C000120,Customer 0120,customer0120@example.test,2026-07-28T00:00:00+00:00
C000121,Customer 0121,customer0121@example.test,2025-10-08T00:00:00+00:00
C000122,Customer 0122,customer0122@example.test,2025-09-11T00:00:00+00:00
C000123,Customer 0123,customer0123@example.test,2025-03-06T00:00:00+00:00
C000124,Customer 0124,customer0124@example.test,2025-05-01T00:00:00+00:00
C000125,Customer 0125,customer0125@example.test,2026-02-12T00:00:00+00:00
C000126,Customer 0126,customer0126@example.test,2025-05-25T00:00:00+00:00
C000127,Customer 0127,customer0127@example.test,2025-10-29T00:00:00+00:00
C000128,Customer 0128,customer0128@example.test,2026-03-26T00:00:00+00:00
C000129,Customer 0129,customer0129@example.test,2026-02-08T00:00:00+00:00
C000130,Customer 0130,customer0130@example.test,2026-08-02T00:00:00+00:00
C000131,Customer 0131,customer0131@example.test,2025-06-28T00:00:00+00:00
C000132,Customer 0132,customer0132@example.test,2025-08-04T00:00:00+00:00
C000133,Customer 0133,customer0133@example.test,2025-02-27T00:00:00+00:00
C000134,Customer 0134,customer0134@example.test,2025-03-05T00:00:00+00:00
C000135,Customer 0135,customer0135@example.test,2025-12-29T00:00:00+00:00
C000136,Customer 0136,customer0136@example.test,2025-04-09T00:00:00+00:00
C000137,Customer 0137,customer0137@example.test,2025-09-26T00:00:00+00:00
C000138,Customer 0138,customer0138@example.test,2026-02-15T00:00:00+00:00
C000139,Customer 0139,customer0139@example.test,2026-04-16T00:00:00+00:00
C000140,Customer 0140,customer0140@example.test,2025-06-27T00:00:00+00:00
C000141,Customer 0141,customer0141@example.test,2026-06-03T00:00:00+00:00
C000142,Customer 0142,customer0142@example.test,2026-06-10T00:00:00+00:00
C000143,Customer 0143,customer0143@example.test,2025-06-02T00:00:00+00:00
C000144,Customer 0144,customer0144@example.test,2025-10-19T00:00:00+00:00
C000145,Customer 0145,customer0145@example.test,2026-02-27T00:00:00+00:00
C000146,Customer 0146,customer0146@example.test,2025-09-04T00:00:00+00:00
C000147,Customer 0147,customer0147@example.test,2025-10-30T00:00:00+00:00
C000148,Customer 0148,customer0148@example.test,2025-02-09T00:00:00+00:00
C000149,Customer 0149,customer0149@example.test,2026-04-17T00:00:00+00:00
C000150,Customer 0150,customer0150@example.test,2025-03-15T00:00:00+00:00
C000151,Customer 0151,customer0151@example.test,2025-01-14T00:00:00+00:00
C000152,Customer 0152,customer0152@example.test,2025-07-31T00:00:00+00:00
C000153,Customer 0153,customer0153@example.test,2025-08-09T00:00:00+00:00
C000154,Customer 0154,customer0154@example.test,2025-09-30T00:00:00+00:00
C000155,Customer 0155,customer0155@example.test,2026-02-14T00:00:00+00:00
C000156,Customer 0156,customer0156@example.test,2026-03-16T00:00:00+00:00
C000157,Customer 0157,customer0157@example.test,2025-09-27T00:00:00+00:00
C000158,Customer 0158,customer0158@example.test,2025-12-24T00:00:00+00:00
C000159,Customer 0159,customer0159@example.test,2026-05-11T00:00:00+00:00
C000160,Customer 0160,customer0160@example.test,2026-01-28T00:00:00+00:00
C000161,Customer 0161,customer0161@example.test,2026-01-09T00:00:00+00:00
C000162,Customer 0162,customer0162@example.test,2025-05-23T00:00:00+00:00
C000163,Customer 0163,customer0163@example.test,2025-09-16T00:00:00+00:00
C000164,Customer 0164,customer0164@example.test,2026-08-11T00:00:00+00:00
C000165,Customer 0165,customer0165@example.test,2026-06-10T00:00:00+00:00
C000166,Customer 0166,customer0166@example.test,2026-03-31T00:00:00+00:00
C000167,Customer 0167,customer0167@example.test,2025-03-07T00:00:00+00:00
C000168,Customer 0168,customer0168@example.test,2025-05-28T00:00:00+00:00
C000169,Customer 0169,customer0169@example.test,2025-12-19T00:00:00+00:00
C000170,Customer 0170,customer0170@example.test,2025-08-09T00:00:00+00:00
C000171,Customer 0171,customer0171@example.test,2025-06-19T00:00:00+00:00
C000172,Customer 0172,customer0172@example.test,2026-07-14T00:00:00+00:00
C000173,Customer 0173,customer0173@example.test,2026-08-21T00:00:00+00:00
C000174,Customer 0174,customer0174@example.test,2026-04-24T00:00:00+00:00
C000175,Customer 0175,customer0175@example.test,2025-03-01T00:00:00+00:00
C000176,Customer 0176,customer0176@example.test,2026-05-06T00:00:00+00:00
C000177,Customer 0177,customer0177@example.test,2025-03-28T00:00:00+00:00
C000178,Customer 0178,customer0178@example.test,2026-07-28T00:00:00+00:00
C000179,Customer 0179,customer0179@example.test,2025-05-14T00:00:00+00:00
C000180,Customer 0180,customer0180@example.test,2025-01-26T00:00:00+00:00
C000181,Customer 0181,customer0181@example.test,2026-05-17T00:00:00+00:00
C000182,Customer 0182,customer0182@example.test,2025-11-08T00:00:00+00:00
C000183,Customer 0183,customer0183@example.test,2025-10-24T00:00:00+00:00
C000184,Customer 0184,customer0184@example.test,2025-06-28T00:00:00+00:00
C000185,Customer 0185,customer0185@example.test,2026-06-08T00:00:00+00:00
C000186,Customer 0186,customer0186@example.test,2025-08-29T00:00:00+00:00
C000187,Customer 0187,customer0187@example.test,2026-05-09T00:00:00+00:00
C000188,Customer 0188,customer0188@example.test,2025-06-18T00:00:00+00:00
C000189,Customer 0189,customer0189@example.test,2025-01-30T00:00:00+00:00
C000190,Customer 0190,customer0190@example.test,2025-10-31T00:00:00+00:00
C000191,Customer 0191,customer0191@example.test,2025-01-13T00:00:00+00:00
C000192,Customer 0192,customer0192@example.test,2025-11-04T00:00:00+00:00
C000193,Customer 0193,customer0193@example.test,2025-07-14T00:00:00+00:00
C000194,Customer 0194,customer0194@example.test,2025-01-21T00:00:00+00:00
C000195,Customer 0195,customer0195@example.test,2026-01-27T00:00:00+00:00
C000196,Customer 0196,customer0196@example.test,2025-10-02T00:00:00+00:00
C000197,Customer 0197,customer0197@example.test,2025-08-03T00:00:00+00:00
C000198,Customer 0198,customer0198@example.test,2025-11-22T00:00:00+00:00
C000199,Customer 0199,customer0199@example.test,2025-06-10T00:00:00+00:00
C000200,Customer 0200,customer0200@example.test,2026-04-15T00:00:00+00:00
C000201,Customer 0201,customer0201@example.test,2026-03-10T00:00:00+00:00
C000202,Customer 0202,customer0202@example.test,2025-11-02T00:00:00+00:00
C000203,Customer 0203,customer0203@example.test,2026-05-15T00:00:00+00:00
C000204,Customer 0204,customer0204@example.test,2026-07-15T00:00:00+00:00
C000205,Customer 0205,customer0205@example.test,2025-07-31T00:00:00+00:00
C000206,Customer 0206,customer0206@example.test,2025-04-18T00:00:00+00:00
C000207,Customer 0207,customer0207@example.test,2025-06-29T00:00:00+00:00
C000208,Customer 0208,customer0208@example.test,2025-03-02T00:00:00+00:00
C000209,Customer 0209,customer0209@example.test,2025-09-06T00:00:00+00:00
C000210,Customer 0210,customer0210@example.test,2026-05-23T00:00:00+00:00
C000211,Customer 0211,customer0211@example.test,2025-07-06T00:00:00+00:00
C000212,Customer 0212,customer0212@example.test,2026-07-31T00:00:00+00:00
C000213,Customer 0213,customer0213@example.test,2025-12-05T00:00:00+00:00
C000214,Customer 0214,customer0214@example.test,2026-07-16T00:00:00+00:00
C000215,Customer 0215,customer0215@example.test,2025-08-18T00:00:00+00:00
C000216,Customer 0216,customer0216@example.test,2025-11-05T00:00:00+00:00
C000217,Customer 0217,customer0217@example.test,2026-07-15T00:00:00+00:00
C000218,Customer 0218,customer0218@example.test,2025-05-03T00:00:00+00:00
C000219,Customer 0219,customer0219@example.test,2025-04-07T00:00:00+00:00
C000220,Customer 0220,customer0220@example.test,2025-08-08T00:00:00+00:00
C000221,Customer 0221,customer0221@example.test,2025-11-11T00:00:00+00:00
C000222,Customer 0222,customer0222@example.test,2026-02-07T00:00:00+00:00
C000223,Customer 0223,customer0223@example.test,2025-10-15T00:00:00+00:00
C000224,Customer 0224,customer0224@example.test,2025-07-16T00:00:00+00:00
C000225,Customer 0225,customer0225@example.test,2025-01-17T00:00:00+00:00
C000226,Customer 0226,customer0226@example.test,2026-03-28T00:00:00+00:00
C000227,Customer 0227,customer0227@example.test,2026-02-26T00:00:00+00:00
C000228,Customer 0228,customer0228@example.test,2025-09-09T00:00:00+00:00
C000229,Customer 0229,customer0229@example.test,2025-10-05T00:00:00+00:00
C000230,Customer 0230,customer0230@example.test,2025-01-18T00:00:00+00:00
C000231,Customer 0231,customer0231@example.test,2025-04-23T00:00:00+00:00
C000232,Customer 0232,customer0232@example.test,2025-02-28T00:00:00+00:00
C000233,Customer 0233,customer0233@example.test,2026-04-25T00:00:00+00:00
C000234,Customer 0234,customer0234@example.test,2025-07-21T00:00:00+00:00
C000235,Customer 0235,customer0235@example.test,2025-09-17T00:00:00+00:00
C000236,Customer 0236,customer0236@example.test,2025-02-22T00:00:00+00:00
C000237,Customer 0237,customer0237@example.test,2025-09-14T00:00:00+00:00
C000238,Customer 0238,customer0238@example.test,2026-07-18T00:00:00+00:00
C000239,Customer 0239,customer0239@example.test,2026-03-17T00:00:00+00:00
C000240,Customer 0240,customer0240@example.test,2025-07-25T00:00:00+00:00
C000241,Customer 0241,customer0241@example.test,2026-02-04T00:00:00+00:00
C000242,Customer 0242,customer0242@example.test,2026-05-14T00:00:00+00:00
C000243,Customer 0243,customer0243@example.test,2025-06-29T00:00:00+00:00
C000244,Customer 0244,customer0244@example.test,2026-07-17T00:00:00+00:00
C000245,Customer 0245,customer0245@example.test,2026-06-01T00:00:00+00:00
C000246,Customer 0246,customer0246@example.test,2026-01-26T00:00:00+00:00
C000247,Customer 0247,customer0247@example.test,2025-03-16T00:00:00+00:00
C000248,Customer 0248,customer0248@example.test,2026-02-23T00:00:00+00:00
C000249,Customer 0249,customer0249@example.test,2026-07-01T00:00:00+00:00
C000250,Customer 0250,customer0250@example.test,2026-04-27T00:00:00+00:00
C000251,Customer 0251,customer0251@example.test,2026-03-20T00:00:00+00:00
C000252,Customer 0252,customer0252@example.test,2025-08-10T00:00:00+00:00
C000253,Customer 0253,customer0253@example.test,2025-09-14T00:00:00+00:00
C000254,Customer 0254,customer0254@example.test,2026-05-01T00:00:00+00:00
C000255,Customer 0255,customer0255@example.test,2026-06-07T00:00:00+00:00
C000256,Customer 0256,customer0256@example.test,2026-04-18T00:00:00+00:00
C000257,Customer 0257,customer0257@example.test,2026-06-22T00:00:00+00:00
C000258,Customer 0258,customer0258@example.test,2025-07-11T00:00:00+00:00
C000259,Customer 0259,customer0259@example.test,2026-05-01T00:00:00+00:00
C000260,Customer 0260,customer0260@example.test,2026-06-06T00:00:00+00:00
C000261,Customer 0261,customer0261@example.test,2026-04-04T00:00:00+00:00
C000262,Customer 0262,customer0262@example.test,2026-05-27T00:00:00+00:00
C000263,Customer 0263,customer0263@example.test,2026-05-11T00:00:00+00:00
C000264,Customer 0264,customer0264@example.test,2025-10-17T00:00:00+00:00
C000265,Customer 0265,customer0265@example.test,2026-04-23T00:00:00+00:00
C000266,Customer 0266,customer0266@example.test,2026-05-28T00:00:00+00:00
C000267,Customer 0267,customer0267@example.test,2025-08-29T00:00:00+00:00
C000268,Customer 0268,customer0268@example.test,2025-03-05T00:00:00+00:00
C000269,Customer 0269,customer0269@example.test,2025-06-03T00:00:00+00:00
C000270,Customer 0270,customer0270@example.test,2026-02-17T00:00:00+00:00
C000271,Customer 0271,customer0271@example.test,2026-03-24T00:00:00+00:00
C000272,Customer 0272,customer0272@example.test,2026-07-19T00:00:00+00:00
C000273,Customer 0273,customer0273@example.test,2026-06-22T00:00:00+00:00
C000274,Customer 0274,customer0274@example.test,2026-02-21T00:00:00+00:00
C000275,Customer 0275,customer0275@example.test,2025-05-25T00:00:00+00:00
C000276,Customer 0276,customer0276@example.test,2025-02-17T00:00:00+00:00
C000277,Customer 0277,customer0277@example.test,2026-05-04T00:00:00+00:00
C000278,Customer 0278,customer0278@example.test,2026-02-28T00:00:00+00:00
C000279,Customer 0279,customer0279@example.test,2025-10-22T00:00:00+00:00
C000280,Customer 0280,customer0280@example.test,2026-02-05T00:00:00+00:00
C000281,Customer 0281,customer0281@example.test,2025-03-07T00:00:00+00:00
C000282,Customer 0282,customer0282@example.test,2025-05-04T00:00:00+00:00
C000283,Customer 0283,customer0283@example.test,2026-05-31T00:00:00+00:00
C000284,Customer 0284,customer0284@example.test,2026-01-20T00:00:00+00:00
C000285,Customer 0285,customer0285@example.test,2025-06-29T00:00:00+00:00
C000286,Customer 0286,customer0286@example.test,2025-09-15T00:00:00+00:00
C000287,Customer 0287,customer0287@example.test,2025-08-14T00:00:00+00:00
C000288,Customer 0288,customer0288@example.test,2025-04-19T00:00:00+00:00
C000289,Customer 0289,customer0289@example.test,2026-06-20T00:00:00+00:00
C000290,Customer 0290,customer0290@example.test,2025-10-10T00:00:00+00:00
C000291,Customer 0291,customer0291@example.test,2025-03-07T00:00:00+00:00
C000292,Customer 0292,customer0292@example.test,2025-05-05T00:00:00+00:00
C000293,Customer 0293,customer0293@example.test,2025-12-16T00:00:00+00:00
C000294,Customer 0294,customer0294@example.test,2026-02-14T00:00:00+00:00
C000295,Customer 0295,customer0295@example.test,2025-10-19T00:00:00+00:00
C000296,Customer 0296,customer0296@example.test,2025-01-25T00:00:00+00:00
C000297,Customer 0297,customer0297@example.test,2026-04-27T00:00:00+00:00
C000298,Customer 0298,customer0298@example.test,2026-07-01T00:00:00+00:00
C000299,Customer 0299,customer0299@example.test,2025-06-18T00:00:00+00:00
C000300,Customer 0300,customer0300@example.test,2026-05-29T00:00:00+00:00
C000301,Customer 0301,customer0301@example.test,2025-06-15T00:00:00+00:00
C000302,Customer 0302,customer0302@example.test,2026-02-18T00:00:00+00:00
C000303,Customer 0303,customer0303@example.test,2026-02-06T00:00:00+00:00
C000304,Customer 0304,customer0304@example.test,2025-01-10T00:00:00+00:00
C000305,Customer 0305,customer0305@example.test,2026-02-08T00:00:00+00:00
C000306,Customer 0306,customer0306@example.test,2025-04-29T00:00:00+00:00
C000307,Customer 0307,customer0307@example.test,2026-03-01T00:00:00+00:00
C000308,Customer 0308,customer0308@example.test,2026-02-21T00:00:00+00:00
C000309,Customer 0309,customer0309@example.test,2025-08-05T00:00:00+00:00
C000310,Customer 0310,customer0310@example.test,2025-07-28T00:00:00+00:00
C000311,Customer 0311,customer0311@example.test,2026-01-08T00:00:00+00:00
C000312,Customer 0312,customer0312@example.test,2025-05-05T00:00:00+00:00
C000313,Customer 0313,customer0313@example.test,2026-08-08T00:00:00+00:00
C000314,Customer 0314,customer0314@example.test,2025-10-12T00:00:00+00:00
C000315,Customer 0315,customer0315@example.test,2025-11-13T00:00:00+00:00
C000316,Customer 0316,customer0316@example.test,2025-05-04T00:00:00+00:00
C000317,Customer 0317,customer0317@example.test,2026-01-28T00:00:00+00:00
C000318,Customer 0318,customer0318@example.test,2025-11-22T00:00:00+00:00
C000319,Customer 0319,customer0319@example.test,2025-03-05T00:00:00+00:00
C000320,Customer 0320,customer0320@example.test,2026-03-03T00:00:00+00:00
C000321,Customer 0321,customer0321@example.test,2025-01-02T00:00:00+00:00
C000322,Customer 0322,customer0322@example.test,2025-10-18T00:00:00+00:00
C000323,Customer 0323,customer0323@example.test,2025-10-12T00:00:00+00:00
C000324,Customer 0324,customer0324@example.test,2026-01-04T00:00:00+00:00
C000325,Customer 0325,customer0325@example.test,2025-05-03T00:00:00+00:00
C000326,Customer 0326,customer0326@example.test,2025-03-09T00:00:00+00:00
C000327,Customer 0327,customer0327@example.test,2025-09-01T00:00:00+00:00
C000328,Customer 0328,customer0328@example.test,2025-11-20T00:00:00+00:00
C000329,Customer 0329,customer0329@example.test,2026-01-30T00:00:00+00:00
C000330,Customer 0330,customer0330@example.test,2025-07-30T00:00:00+00:00
C000331,Customer 0331,customer0331@example.test,2026-07-06T00:00:00+00:00
C000332,Customer 0332,customer0332@example.test,2025-11-18T00:00:00+00:00
C000333,Customer 0333,customer0333@example.test,2025-06-26T00:00:00+00:00
C000334,Customer 0334,customer0334@example.test,2025-01-23T00:00:00+00:00
C000335,Customer 0335,customer0335@example.test,2026-08-23T00:00:00+00:00
C000336,Customer 0336,customer0336@example.test,2025-01-21T00:00:00+00:00
C000337,Customer 0337,customer0337@example.test,2026-03-25T00:00:00+00:00
C000338,Customer 0338,customer0338@example.test,2025-01-12T00:00:00+00:00
C000339,Customer 0339,customer0339@example.test,2026-01-13T00:00:00+00:00
C000340,Customer 0340,customer0340@example.test,2026-06-19T00:00:00+00:00
C000341,Customer 0341,customer0341@example.test,2026-05-23T00:00:00+00:00
C000342,Customer 0342,customer0342@example.test,2025-09-30T00:00:00+00:00
C000343,Customer 0343,customer0343@example.test,2025-06-26T00:00:00+00:00
C000344,Customer 0344,customer0344@example.test,2026-02-04T00:00:00+00:00
C000345,Customer 0345,customer0345@example.test,2025-02-01T00:00:00+00:00
C000346,Customer 0346,customer0346@example.test,2026-02-17T00:00:00+00:00
C000347,Customer 0347,customer0347@example.test,2025-02-16T00:00:00+00:00
C000348,Customer 0348,customer0348@example.test,2025-01-09T00:00:00+00:00
C000349,Customer 0349,customer0349@example.test,2026-02-16T00:00:00+00:00
C000350,Customer 0350,customer0350@example.test,2025-02-22T00:00:00+00:00
C000351,Customer 0351,customer0351@example.test,2026-06-05T00:00:00+00:00
C000352,Customer 0352,customer0352@example.test,2025-05-16T00:00:00+00:00
C000353,Customer 0353,customer0353@example.test,2026-03-20T00:00:00+00:00
C000354,Customer 0354,customer0354@example.test,2026-02-13T00:00:00+00:00
C000355,Customer 0355,customer0355@example.test,2025-07-01T00:00:00+00:00
C000356,Customer 0356,customer0356@example.test,2025-04-17T00:00:00+00:00
C000357,Customer 0357,customer0357@example.test,2025-12-31T00:00:00+00:00
C000358,Customer 0358,customer0358@example.test,2026-01-30T00:00:00+00:00
C000359,Customer 0359,customer0359@example.test,2025-06-12T00:00:00+00:00
C000360,Customer 0360,customer0360@example.test,2025-11-09T00:00:00+00:00
C000361,Customer 0361,customer0361@example.test,2026-08-01T00:00:00+00:00
C000362,Customer 0362,customer0362@example.test,2025-03-19T00:00:00+00:00
C000363,Customer 0363,customer0363@example.test,2025-01-21T00:00:00+00:00
C000364,Customer 0364,customer0364@example.test,2026-04-25T00:00:00+00:00
C000365,Customer 0365,customer0365@example.test,2025-12-24T00:00:00+00:00
C000366,Customer 0366,customer0366@example.test,2026-01-24T00:00:00+00:00
C000367,Customer 0367,customer0367@example.test,2025-02-03T00:00:00+00:00
C000368,Customer 0368,customer0368@example.test,2026-06-29T00:00:00+00:00
C000369,Customer 0369,customer0369@example.test,2025-01-08T00:00:00+00:00
C000370,Customer 0370,customer0370@example.test,2025-08-26T00:00:00+00:00
C000371,Customer 0371,customer0371@example.test,2025-01-17T00:00:00+00:00
C000372,Customer 0372,customer0372@example.test,2026-02-10T00:00:00+00:00
C000373,Customer 0373,customer0373@example.test,2026-02-22T00:00:00+00:00
C000374,Customer 0374,customer0374@example.test,2026-04-09T00:00:00+00:00
C000375,Customer 0375,customer0375@example.test,2026-01-05T00:00:00+00:00
C000376,Customer 0376,customer0376@example.test,2026-06-17T00:00:00+00:00
C000377,Customer 0377,customer0377@example.test,2025-03-22T00:00:00+00:00
C000378,Customer 0378,customer0378@example.test,2026-02-05T00:00:00+00:00
C000379,Customer 0379,customer0379@example.test,2025-06-29T00:00:00+00:00
C000380,Customer 0380,customer0380@example.test,2026-05-31T00:00:00+00:00
C000381,Customer 0381,customer0381@example.test,2025-07-07T00:00:00+00:00
C000382,Customer 0382,customer0382@example.test,2026-02-14T00:00:00+00:00
C000383,Customer 0383,customer0383@example.test,2025-02-22T00:00:00+00:00
C000384,Customer 0384,customer0384@example.test,2025-08-17T00:00:00+00:00
C000385,Customer 0385,customer0385@example.test,2025-10-01T00:00:00+00:00
C000386,Customer 0386,customer0386@example.test,2025-05-30T00:00:00+00:00
C000387,Customer 0387,customer0387@example.test,2025-03-20T00:00:00+00:00
C000388,Customer 0388,customer0388@example.test,2025-09-03T00:00:00+00:00
C000389,Customer 0389,customer0389@example.test,2025-11-26T00:00:00+00:00
C000390,Customer 0390,customer0390@example.test,2025-03-30T00:00:00+00:00
C000391,Customer 0391,customer0391@example.test,2025-12-29T00:00:00+00:00
C000392,Customer 0392,customer0392@example.test,2026-05-19T00:00:00+00:00
C000393,Customer 0393,customer0393@example.test,2025-09-03T00:00:00+00:00
C000394,Customer 0394,customer0394@example.test,2025-08-03T00:00:00+00:00
C000395,Customer 0395,customer0395@example.test,2025-03-28T00:00:00+00:00
C000396,Customer 0396,customer0396@example.test,2025-01-08T00:00:00+00:00
C000397,Customer 0397,customer0397@example.test,2026-03-18T00:00:00+00:00
C000398,Customer 0398,customer0398@example.test,2026-08-14T00:00:00+00:00
C000399,Customer 0399,customer0399@example.test,2026-03-28T00:00:00+00:00
C000400,Customer 0400,customer0400@example.test,2026-01-02T00:00:00+00:00
C000401,Customer 0401,customer0401@example.test,2025-05-24T00:00:00+00:00
C000402,Customer 0402,customer0402@example.test,2025-04-14T00:00:00+00:00
C000403,Customer 0403,customer0403@example.test,2025-07-22T00:00:00+00:00
C000404,Customer 0404,customer0404@example.test,2025-09-22T00:00:00+00:00
C000405,Customer 0405,customer0405@example.test,2025-01-02T00:00:00+00:00
C000406,Customer 0406,customer0406@example.test,2025-03-06T00:00:00+00:00
C000407,Customer 0407,customer0407@example.test,2026-03-13T00:00:00+00:00
C000408,Customer 0408,customer0408@example.test,2026-06-21T00:00:00+00:00
C000409,Customer 0409,customer0409@example.test,2026-06-10T00:00:00+00:00
C000410,Customer 0410,customer0410@example.test,2025-09-23T00:00:00+00:00
C000411,Customer 0411,customer0411@example.test,2025-10-09T00:00:00+00:00
C000412,Customer 0412,customer0412@example.test,2026-07-17T00:00:00+00:00
C000413,Customer 0413,customer0413@example.test,2025-12-23T00:00:00+00:00
C000414,Customer 0414,customer0414@example.test,2025-09-21T00:00:00+00:00
C000415,Customer 0415,customer0415@example.test,2025-02-13T00:00:00+00:00
C000416,Customer 0416,customer0416@example.test,2025-01-02T00:00:00+00:00
C000417,Customer 0417,customer0417@example.test,2026-04-23T00:00:00+00:00
C000418,Customer 0418,customer0418@example.test,2026-05-19T00:00:00+00:00
C000419,Customer 0419,customer0419@example.test,2025-08-24T00:00:00+00:00
C000420,Customer 0420,customer0420@example.test,2025-08-20T00:00:00+00:00
C000421,Customer 0421,customer0421@example.test,2025-01-29T00:00:00+00:00
C000422,Customer 0422,customer0422@example.test,2025-02-17T00:00:00+00:00
C000423,Customer 0423,customer0423@example.test,2025-12-08T00:00:00+00:00
C000424,Customer 0424,customer0424@example.test,2025-07-29T00:00:00+00:00
C000425,Customer 0425,customer0425@example.test,2025-06-27T00:00:00+00:00
C000426,Customer 0426,customer0426@example.test,2026-02-22T00:00:00+00:00
C000427,Customer 0427,customer0427@example.test,2025-03-07T00:00:00+00:00
C000428,Customer 0428,customer0428@example.test,2026-03-17T00:00:00+00:00
C000429,Customer 0429,customer0429@example.test,2025-05-01T00:00:00+00:00
C000430,Customer 0430,customer0430@example.test,2026-02-20T00:00:00+00:00
C000431,Customer 0431,customer0431@example.test,2025-12-24T00:00:00+00:00
C000432,Customer 0432,customer0432@example.test,2026-06-25T00:00:00+00:00
C000433,Customer 0433,customer0433@example.test,2026-03-17T00:00:00+00:00
C000434,Customer 0434,customer0434@example.test,2025-03-23T00:00:00+00:00
C000435,Customer 0435,customer0435@example.test,2025-05-18T00:00:00+00:00
C000436,Customer 0436,customer0436@example.test,2025-08-03T00:00:00+00:00
C000437,Customer 0437,customer0437@example.test,2025-04-04T00:00:00+00:00
C000438,Customer 0438,customer0438@example.test,2026-07-12T00:00:00+00:00
C000439,Customer 0439,customer0439@example.test,2025-12-01T00:00:00+00:00
C000440,Customer 0440,customer0440@example.test,2025-02-24T00:00:00+00:00
C000441,Customer 0441,customer0441@example.test,2026-02-07T00:00:00+00:00
C000442,Customer 0442,customer0442@example.test,2026-01-29T00:00:00+00:00
C000443,Customer 0443,customer0443@example.test,2026-02-08T00:00:00+00:00
C000444,Customer 0444,customer0444@example.test,2025-02-23T00:00:00+00:00
C000445,Customer 0445,customer0445@example.test,2025-10-16T00:00:00+00:00
C000446,Customer 0446,customer0446@example.test,2025-04-06T00:00:00+00:00
C000447,Customer 0447,customer0447@example.test,2025-10-17T00:00:00+00:00
C000448,Customer 0448,customer0448@example.test,2025-09-08T00:00:00+00:00
C000449,Customer 0449,customer0449@example.test,2025-08-17T00:00:00+00:00
C000450,Customer 0450,customer0450@example.test,2025-02-24T00:00:00+00:00
C000451,Customer 0451,customer0451@example.test,2025-08-05T00:00:00+00:00
C000452,Customer 0452,customer0452@example.test,2025-10-31T00:00:00+00:00
C000453,Customer 0453,customer0453@example.test,2026-05-30T00:00:00+00:00
C000454,Customer 0454,customer0454@example.test,2025-12-25T00:00:00+00:00
C000455,Customer 0455,customer0455@example.test,2026-08-02T00:00:00+00:00
C000456,Customer 0456,customer0456@example.test,2025-02-05T00:00:00+00:00
C000457,Customer 0457,customer0457@example.test,2025-04-27T00:00:00+00:00
C000458,Customer 0458,customer0458@example.test,2025-01-29T00:00:00+00:00
C000459,Customer 0459,customer0459@example.test,2025-01-02T00:00:00+00:00
C000460,Customer 0460,customer0460@example.test,2025-02-15T00:00:00+00:00
C000461,Customer 0461,customer0461@example.test,2026-06-26T00:00:00+00:00
C000462,Customer 0462,customer0462@example.test,2025-01-06T00:00:00+00:00
C000463,Customer 0463,customer0463@example.test,2025-08-09T00:00:00+00:00
C000464,Customer 0464,customer0464@example.test,2025-10-11T00:00:00+00:00
C000465,Customer 0465,customer0465@example.test,2025-07-26T00:00:00+00:00
C000466,Customer 0466,customer0466@example.test,2025-07-29T00:00:00+00:00
C000467,Customer 0467,customer0467@example.test,2026-07-30T00:00:00+00:00
C000468,Customer 0468,customer0468@example.test,2025-01-24T00:00:00+00:00
C000469,Customer 0469,customer0469@example.test,2025-07-02T00:00:00+00:00
C000470,Customer 0470,customer0470@example.test,2025-09-05T00:00:00+00:00
C000471,Customer 0471,customer0471@example.test,2025-11-08T00:00:00+00:00
C000472,Customer 0472,customer0472@example.test,2025-05-03T00:00:00+00:00
C000473,Customer 0473,customer0473@example.test,2025-09-11T00:00:00+00:00
C000474,Customer 0474,customer0474@example.test,2026-08-15T00:00:00+00:00
C000475,Customer 0475,customer0475@example.test,2026-05-25T00:00:00+00:00
C000476,Customer 0476,customer0476@example.test,2026-01-23T00:00:00+00:00
C000477,Customer 0477,customer0477@example.test,2025-04-25T00:00:00+00:00
C000478,Customer 0478,customer0478@example.test,2026-06-15T00:00:00+00:00
C000479,Customer 0479,customer0479@example.test,2026-07-28T00:00:00+00:00
C000480,Customer 0480,customer0480@example.test,2025-01-24T00:00:00+00:00
C000481,Customer 0481,customer0481@example.test,2026-03-04T00:00:00+00:00
C000482,Customer 0482,customer0482@example.test,2026-02-10T00:00:00+00:00
C000483,Customer 0483,customer0483@example.test,2025-09-13T00:00:00+00:00
C000484,Customer 0484,customer0484@example.test,2025-08-20T00:00:00+00:00
C000485,Customer 0485,customer0485@example.test,2025-05-21T00:00:00+00:00
C000486,Customer 0486,customer0486@example.test,2026-06-24T00:00:00+00:00
C000487,Customer 0487,customer0487@example.test,2026-05-23T00:00:00+00:00
C000488,Customer 0488,customer0488@example.test,2025-02-17T00:00:00+00:00
C000489,Customer 0489,customer0489@example.test,2026-01-16T00:00:00+00:00
C000490,Customer 0490,customer0490@example.test,2026-06-13T00:00:00+00:00
C000491,Customer 0491,customer0491@example.test,2025-12-04T00:00:00+00:00
C000492,Customer 0492,customer0492@example.test,2025-07-31T00:00:00+00:00
C000493,Customer 0493,customer0493@example.test,2025-02-07T00:00:00+00:00
C000494,Customer 0494,customer0494@example.test,2025-11-21T00:00:00+00:00
C000495,Customer 0495,customer0495@example.test,2026-04-09T00:00:00+00:00
C000496,Customer 0496,customer0496@example.test,2025-08-20T00:00:00+00:00
C000497,Customer 0497,customer0497@example.test,2025-03-09T00:00:00+00:00
C000498,Customer 0498,customer0498@example.test,2025-10-23T00:00:00+00:00
C000499,Customer 0499,customer0499@example.test,2026-06-02T00:00:00+00:00
C000500,Customer 0500,customer0500@example.test,2026-04-24T00:00:00+00:00
C000501,Customer 0501,customer0501@example.test,2026-02-05T00:00:00+00:00
C000502,Customer 0502,customer0502@example.test,2025-06-05T00:00:00+00:00
C000503,Customer 0503,customer0503@example.test,2026-01-14T00:00:00+00:00
C000504,Customer 0504,customer0504@example.test,2026-01-04T00:00:00+00:00
C000505,Customer 0505,customer0505@example.test,2026-02-03T00:00:00+00:00
C000506,Customer 0506,customer0506@example.test,2026-04-15T00:00:00+00:00
C000507,Customer 0507,customer0507@example.test,2025-10-24T00:00:00+00:00
C000508,Customer 0508,customer0508@example.test,2025-08-01T00:00:00+00:00
C000509,Customer 0509,customer0509@example.test,2025-12-30T00:00:00+00:00
C000510,Customer 0510,customer0510@example.test,2025-09-14T00:00:00+00:00
C000511,Customer 0511,customer0511@example.test,2026-01-16T00:00:00+00:00
C000512,Customer 0512,customer0512@example.test,2025-07-28T00:00:00+00:00
C000513,Customer 0513,customer0513@example.test,2026-06-21T00:00:00+00:00
C000514,Customer 0514,customer0514@example.test,2025-10-25T00:00:00+00:00
C000515,Customer 0515,customer0515@example.test,2026-05-28T00:00:00+00:00
C000516,Customer 0516,customer0516@example.test,2025-08-09T00:00:00+00:00
C000517,Customer 0517,customer0517@example.test,2026-07-19T00:00:00+00:00
C000518,Customer 0518,customer0518@example.test,2025-11-19T00:00:00+00:00
C000519,Customer 0519,customer0519@example.test,2026-07-05T00:00:00+00:00
C000520,Customer 0520,customer0520@example.test,2025-04-02T00:00:00+00:00
C000521,Customer 0521,customer0521@example.test,2026-05-09T00:00:00+00:00
C000522,Customer 0522,customer0522@example.test,2025-04-25T00:00:00+00:00
C000523,Customer 0523,customer0523@example.test,2026-01-31T00:00:00+00:00
C000524,Customer 0524,customer0524@example.test,2025-03-19T00:00:00+00:00
C000525,Customer 0525,customer0525@example.test,2026-01-09T00:00:00+00:00
C000526,Customer 0526,customer0526@example.test,2025-03-04T00:00:00+00:00
C000527,Customer 0527,customer0527@example.test,2026-06-01T00:00:00+00:00
C000528,Customer 0528,customer0528@example.test,2026-07-17T00:00:00+00:00
C000529,Customer 0529,customer0529@example.test,2025-05-02T00:00:00+00:00
C000530,Customer 0530,customer0530@example.test,2026-03-13T00:00:00+00:00
C000531,Customer 0531,customer0531@example.test,2025-09-06T00:00:00+00:00
C000532,Customer 0532,customer0532@example.test,2026-08-01T00:00:00+00:00
C000533,Customer 0533,customer0533@example.test,2025-07-02T00:00:00+00:00
C000534,Customer 0534,customer0534@example.test,2025-05-04T00:00:00+00:00
C000535,Customer 0535,customer0535@example.test,2025-07-16T00:00:00+00:00
C000536,Customer 0536,customer0536@example.test,2026-05-23T00:00:00+00:00
C000537,Customer 0537,customer0537@example.test,2026-04-17T00:00:00+00:00
C000538,Customer 0538,customer0538@example.test,2025-08-09T00:00:00+00:00
C000539,Customer 0539,customer0539@example.test,2025-02-09T00:00:00+00:00
C000540,Customer 0540,customer0540@example.test,2025-08-14T00:00:00+00:00
C000541,Customer 0541,customer0541@example.test,2026-08-20T00:00:00+00:00
C000542,Customer 0542,customer0542@example.test,2025-01-18T00:00:00+00:00
C000543,Customer 0543,customer0543@example.test,2026-03-06T00:00:00+00:00
C000544,Customer 0544,customer0544@example.test,2026-07-01T00:00:00+00:00
C000545,Customer 0545,customer0545@example.test,2026-04-17T00:00:00+00:00
C000546,Customer 0546,customer0546@example.test,2025-11-27T00:00:00+00:00
C000547,Customer 0547,customer0547@example.test,2026-04-13T00:00:00+00:00
C000548,Customer 0548,customer0548@example.test,2026-01-16T00:00:00+00:00
C000549,Customer 0549,customer0549@example.test,2025-08-05T00:00:00+00:00
C000550,Customer 0550,customer0550@example.test,2025-05-25T00:00:00+00:00
C000551,Customer 0551,customer0551@example.test,2026-06-05T00:00:00+00:00
C000552,Customer 0552,customer0552@example.test,2025-12-08T00:00:00+00:00
C000553,Customer 0553,customer0553@example.test,2025-12-09T00:00:00+00:00
C000554,Customer 0554,customer0554@example.test,2025-08-01T00:00:00+00:00
C000555,Customer 0555,customer0555@example.test,2025-09-24T00:00:00+00:00
C000556,Customer 0556,customer0556@example.test,2025-11-30T00:00:00+00:00
C000557,Customer 0557,customer0557@example.test,2026-01-06T00:00:00+00:00
C000558,Customer 0558,customer0558@example.test,2025-11-15T00:00:00+00:00
C000559,Customer 0559,customer0559@example.test,2026-05-16T00:00:00+00:00
C000560,Customer 0560,customer0560@example.test,2025-01-23T00:00:00+00:00
C000561,Customer 0561,customer0561@example.test,2026-03-10T00:00:00+00:00
C000562,Customer 0562,customer0562@example.test,2025-07-02T00:00:00+00:00
C000563,Customer 0563,customer0563@example.test,2025-02-14T00:00:00+00:00
C000564,Customer 0564,customer0564@example.test,2025-09-23T00:00:00+00:00
C000565,Customer 0565,customer0565@example.test,2026-03-01T00:00:00+00:00
C000566,Customer 0566,customer0566@example.test,2025-07-03T00:00:00+00:00
C000567,Customer 0567,customer0567@example.test,2026-06-29T00:00:00+00:00
C000568,Customer 0568,customer0568@example.test,2026-07-31T00:00:00+00:00
C000569,Customer 0569,customer0569@example.test,2025-03-09T00:00:00+00:00
C000570,Customer 0570,customer0570@example.test,2026-02-21T00:00:00+00:00
C000571,Customer 0571,customer0571@example.test,2026-01-26T00:00:00+00:00
C000572,Customer 0572,customer0572@example.test,2026-05-25T00:00:00+00:00
C000573,Customer 0573,customer0573@example.test,2025-04-30T00:00:00+00:00
C000574,Customer 0574,customer0574@example.test,2026-03-17T00:00:00+00:00
C000575,Customer 0575,customer0575@example.test,2025-07-15T00:00:00+00:00
C000576,Customer 0576,customer0576@example.test,2025-05-11T00:00:00+00:00
C000577,Customer 0577,customer0577@example.test,2025-10-19T00:00:00+00:00
C000578,Customer 0578,customer0578@example.test,2026-06-25T00:00:00+00:00
C000579,Customer 0579,customer0579@example.test,2025-05-08T00:00:00+00:00
C000580,Customer 0580,customer0580@example.test,2026-02-15T00:00:00+00:00
C000581,Customer 0581,customer0581@example.test,2025-11-27T00:00:00+00:00
C000582,Customer 0582,customer0582@example.test,2025-07-02T00:00:00+00:00
C000583,Customer 0583,customer0583@example.test,2025-02-24T00:00:00+00:00
C000584,Customer 0584,customer0584@example.test,2025-07-02T00:00:00+00:00
C000585,Customer 0585,customer0585@example.test,2025-02-15T00:00:00+00:00
C000586,Customer 0586,customer0586@example.test,2026-04-21T00:00:00+00:00
C000587,Customer 0587,customer0587@example.test,2025-03-30T00:00:00+00:00
C000588,Customer 0588,customer0588@example.test,2026-02-15T00:00:00+00:00
C000589,Customer 0589,customer0589@example.test,2025-03-25T00:00:00+00:00
C000590,Customer 0590,customer0590@example.test,2025-03-13T00:00:00+00:00
C000591,Customer 0591,customer0591@example.test,2025-09-29T00:00:00+00:00
C000592,Customer 0592,customer0592@example.test,2025-08-20T00:00:00+00:00
C000593,Customer 0593,customer0593@example.test,2025-07-22T00:00:00+00:00
C000594,Customer 0594,customer0594@example.test,2025-04-13T00:00:00+00:00
C000595,Customer 0595,customer0595@example.test,2025-12-28T00:00:00+00:00
C000596,Customer 0596,customer0596@example.test,2025-08-07T00:00:00+00:00
C000597,Customer 0597,customer0597@example.test,2026-04-21T00:00:00+00:00
C000598,Customer 0598,customer0598@example.test,2025-07-24T00:00:00+00:00
C000599,Customer 0599,customer0599@example.test,2026-05-19T00:00:00+00:00
C000600,Customer 0600,customer0600@example.test,2026-03-03T00:00:00+00:00
C000601,Customer 0601,customer0601@example.test,2025-04-11T00:00:00+00:00
C000602,Customer 0602,customer0602@example.test,2026-02-23T00:00:00+00:00
C000603,Customer 0603,customer0603@example.test,2026-03-16T00:00:00+00:00
C000604,Customer 0604,customer0604@example.test,2026-08-13T00:00:00+00:00
C000605,Customer 0605,customer0605@example.test,2025-12-30T00:00:00+00:00
C000606,Customer 0606,customer0606@example.test,2025-12-13T00:00:00+00:00
C000607,Customer 0607,customer0607@example.test,2025-11-15T00:00:00+00:00
C000608,Customer 0608,customer0608@example.test,2025-06-03T00:00:00+00:00
C000609,Customer 0609,customer0609@example.test,2026-03-09T00:00:00+00:00
C000610,Customer 0610,customer0610@example.test,2026-03-22T00:00:00+00:00
C000611,Customer 0611,customer0611@example.test,2026-04-15T00:00:00+00:00
C000612,Customer 0612,customer0612@example.test,2026-07-21T00:00:00+00:00
C000613,Customer 0613,customer0613@example.test,2026-07-17T00:00:00+00:00
C000614,Customer 0614,customer0614@example.test,2025-04-25T00:00:00+00:00
C000615,Customer 0615,customer0615@example.test,2025-06-09T00:00:00+00:00
C000616,Customer 0616,customer0616@example.test,2025-04-29T00:00:00+00:00
C000617,Customer 0617,customer0617@example.test,2026-04-08T00:00:00+00:00
C000618,Customer 0618,customer0618@example.test,2025-12-20T00:00:00+00:00
C000619,Customer 0619,customer0619@example.test,2026-06-03T00:00:00+00:00
C000620,Customer 0620,customer0620@example.test,2026-05-02T00:00:00+00:00
C000621,Customer 0621,customer0621@example.test,2026-03-17T00:00:00+00:00
C000622,Customer 0622,customer0622@example.test,2025-02-22T00:00:00+00:00
C000623,Customer 0623,customer0623@example.test,2026-03-02T00:00:00+00:00
C000624,Customer 0624,customer0624@example.test,2025-02-22T00:00:00+00:00
C000625,Customer 0625,customer0625@example.test,2026-01-16T00:00:00+00:00
C000626,Customer 0626,customer0626@example.test,2025-12-20T00:00:00+00:00
C000627,Customer 0627,customer0627@example.test,2026-07-17T00:00:00+00:00
C000628,Customer 0628,customer0628@example.test,2026-04-04T00:00:00+00:00
C000629,Customer 0629,customer0629@example.test,2025-03-18T00:00:00+00:00
C000630,Customer 0630,customer0630@example.test,2025-05-31T00:00:00+00:00
C000631,Customer 0631,customer0631@example.test,2026-04-03T00:00:00+00:00
C000632,Customer 0632,customer0632@example.test,2025-08-29T00:00:00+00:00
C000633,Customer 0633,customer0633@example.test,2025-02-04T00:00:00+00:00
C000634,Customer 0634,customer0634@example.test,2026-03-15T00:00:00+00:00
C000635,Customer 0635,customer0635@example.test,2026-04-06T00:00:00+00:00
C000636,Customer 0636,customer0636@example.test,2025-06-30T00:00:00+00:00
C000637,Customer 0637,customer0637@example.test,2025-06-12T00:00:00+00:00
C000638,Customer 0638,customer0638@example.test,2026-04-21T00:00:00+00:00
C000639,Customer 0639,customer0639@example.test,2025-07-25T00:00:00+00:00
C000640,Customer 0640,customer0640@example.test,2026-04-19T00:00:00+00:00
C000641,Customer 0641,customer0641@example.test,2026-05-11T00:00:00+00:00
C000642,Customer 0642,customer0642@example.test,2026-01-16T00:00:00+00:00
C000643,Customer 0643,customer0643@example.test,2025-08-11T00:00:00+00:00
C000644,Customer 0644,customer0644@example.test,2025-09-11T00:00:00+00:00
C000645,Customer 0645,customer0645@example.test,2026-05-28T00:00:00+00:00
C000646,Customer 0646,customer0646@example.test,2025-07-04T00:00:00+00:00
C000647,Customer 0647,customer0647@example.test,2026-08-04T00:00:00+00:00
C000648,Customer 0648,customer0648@example.test,2025-02-12T00:00:00+00:00
C000649,Customer 0649,customer0649@example.test,2026-06-18T00:00:00+00:00
C000650,Customer 0650,customer0650@example.test,2025-06-23T00:00:00+00:00
C000651,Customer 0651,customer0651@example.test,2026-07-11T00:00:00+00:00
C000652,Customer 0652,customer0652@example.test,2026-06-23T00:00:00+00:00
C000653,Customer 0653,customer0653@example.test,2025-07-09T00:00:00+00:00
C000654,Customer 0654,customer0654@example.test,2025-02-19T00:00:00+00:00
C000655,Customer 0655,customer0655@example.test,2026-07-04T00:00:00+00:00
C000656,Customer 0656,customer0656@example.test,2025-12-19T00:00:00+00:00
C000657,Customer 0657,customer0657@example.test,2025-11-25T00:00:00+00:00
C000658,Customer 0658,customer0658@example.test,2026-04-10T00:00:00+00:00
C000659,Customer 0659,customer0659@example.test,2025-11-18T00:00:00+00:00
C000660,Customer 0660,customer0660@example.test,2026-06-24T00:00:00+00:00
C000661,Customer 0661,customer0661@example.test,2026-07-10T00:00:00+00:00
C000662,Customer 0662,customer0662@example.test,2025-04-20T00:00:00+00:00
C000663,Customer 0663,customer0663@example.test,2026-02-26T00:00:00+00:00
C000664,Customer 0664,customer0664@example.test,2025-10-14T00:00:00+00:00
C000665,Customer 0665,customer0665@example.test,2026-04-04T00:00:00+00:00
C000666,Customer 0666,customer0666@example.test,2025-07-31T00:00:00+00:00
C000667,Customer 0667,customer0667@example.test,2025-04-03T00:00:00+00:00
C000668,Customer 0668,customer0668@example.test,2025-08-26T00:00:00+00:00
C000669,Customer 0669,customer0669@example.test,2026-02-09T00:00:00+00:00
C000670,Customer 0670,customer0670@example.test,2025-10-20T00:00:00+00:00
C000671,Customer 0671,customer0671@example.test,2026-04-20T00:00:00+00:00
C000672,Customer 0672,customer0672@example.test,2025-03-07T00:00:00+00:00
C000673,Customer 0673,customer0673@example.test,2025-07-10T00:00:00+00:00
C000674,Customer 0674,customer0674@example.test,2026-08-03T00:00:00+00:00
C000675,Customer 0675,customer0675@example.test,2026-03-19T00:00:00+00:00
C000676,Customer 0676,customer0676@example.test,2026-01-13T00:00:00+00:00
C000677,Customer 0677,customer0677@example.test,2025-04-20T00:00:00+00:00
C000678,Customer 0678,customer0678@example.test,2026-07-28T00:00:00+00:00
C000679,Customer 0679,customer0679@example.test,2026-07-13T00:00:00+00:00
C000680,Customer 0680,customer0680@example.test,2025-03-30T00:00:00+00:00
C000681,Customer 0681,customer0681@example.test,2025-04-19T00:00:00+00:00
C000682,Customer 0682,customer0682@example.test,2026-02-22T00:00:00+00:00
C000683,Customer 0683,customer0683@example.test,2026-04-07T00:00:00+00:00
C000684,Customer 0684,customer0684@example.test,2025-12-12T00:00:00+00:00
C000685,Customer 0685,customer0685@example.test,2025-01-30T00:00:00+00:00
C000686,Customer 0686,customer0686@example.test,2025-09-04T00:00:00+00:00
C000687,Customer 0687,customer0687@example.test,2026-04-22T00:00:00+00:00
C000688,Customer 0688,customer0688@example.test,2025-06-23T00:00:00+00:00
C000689,Customer 0689,customer0689@example.test,2025-03-02T00:00:00+00:00
C000690,Customer 0690,customer0690@example.test,2025-08-02T00:00:00+00:00
C000691,Customer 0691,customer0691@example.test,2026-02-22T00:00:00+00:00
C000692,Customer 0692,customer0692@example.test,2026-03-05T00:00:00+00:00
C000693,Customer 0693,customer0693@example.test,2026-03-18T00:00:00+00:00
C000694,Customer 0694,customer0694@example.test,2026-02-02T00:00:00+00:00
C000695,Customer 0695,customer0695@example.test,2025-01-15T00:00:00+00:00
C000696,Customer 0696,customer0696@example.test,2026-02-17T00:00:00+00:00
C000697,Customer 0697,customer0697@example.test,2026-08-22T00:00:00+00:00
C000698,Customer 0698,customer0698@example.test,2025-07-13T00:00:00+00:00
C000699,Customer 0699,customer0699@example.test,2025-12-21T00:00:00+00:00
C000700,Customer 0700,customer0700@example.test,2026-05-22T00:00:00+00:00
C000701,Customer 0701,customer0701@example.test,2026-08-16T00:00:00+00:00
C000702,Customer 0702,customer0702@example.test,2025-01-13T00:00:00+00:00
C000703,Customer 0703,customer0703@example.test,2025-09-10T00:00:00+00:00
C000704,Customer 0704,customer0704@example.test,2025-02-09T00:00:00+00:00
C000705,Customer 0705,customer0705@example.test,2026-07-25T00:00:00+00:00
C000706,Customer 0706,customer0706@example.test,2025-06-10T00:00:00+00:00
C000707,Customer 0707,customer0707@example.test,2025-04-18T00:00:00+00:00
C000708,Customer 0708,customer0708@example.test,2026-01-23T00:00:00+00:00
C000709,Customer 0709,customer0709@example.test,2025-07-06T00:00:00+00:00
C000710,Customer 0710,customer0710@example.test,2026-07-02T00:00:00+00:00
C000711,Customer 0711,customer0711@example.test,2026-08-03T00:00:00+00:00
C000712,Customer 0712,customer0712@example.test,2025-09-26T00:00:00+00:00
C000713,Customer 0713,customer0713@example.test,2025-07-24T00:00:00+00:00
C000714,Customer 0714,customer0714@example.test,2025-10-12T00:00:00+00:00
C000715,Customer 0715,customer0715@example.test,2025-05-14T00:00:00+00:00
C000716,Customer 0716,customer0716@example.test,2025-03-11T00:00:00+00:00
C000717,Customer 0717,customer0717@example.test,2025-04-10T00:00:00+00:00
C000718,Customer 0718,customer0718@example.test,2025-11-19T00:00:00+00:00
C000719,Customer 0719,customer0719@example.test,2026-05-30T00:00:00+00:00
C000720,Customer 0720,customer0720@example.test,2025-03-11T00:00:00+00:00
C000721,Customer 0721,customer0721@example.test,2026-08-23T00:00:00+00:00
C000722,Customer 0722,customer0722@example.test,2026-03-02T00:00:00+00:00
C000723,Customer 0723,customer0723@example.test,2026-03-24T00:00:00+00:00
C000724,Customer 0724,customer0724@example.test,2025-06-10T00:00:00+00:00
C000725,Customer 0725,customer0725@example.test,2025-07-04T00:00:00+00:00
C000726,Customer 0726,customer0726@example.test,2026-05-17T00:00:00+00:00
C000727,Customer 0727,customer0727@example.test,2026-06-03T00:00:00+00:00
C000728,Customer 0728,customer0728@example.test,2026-08-07T00:00:00+00:00
C000729,Customer 0729,customer0729@example.test,2026-04-24T00:00:00+00:00
C000730,Customer 0730,customer0730@example.test,2025-04-24T00:00:00+00:00
C000731,Customer 0731,customer0731@example.test,2026-07-22T00:00:00+00:00
C000732,Customer 0732,customer0732@example.test,2026-04-21T00:00:00+00:00
C000733,Customer 0733,customer0733@example.test,2025-07-20T00:00:00+00:00
C000734,Customer 0734,customer0734@example.test,2025-09-10T00:00:00+00:00
C000735,Customer 0735,customer0735@example.test,2026-05-03T00:00:00+00:00
C000736,Customer 0736,customer0736@example.test,2025-02-22T00:00:00+00:00
C000737,Customer 0737,customer0737@example.test,2025-04-16T00:00:00+00:00
C000738,Customer 0738,customer0738@example.test,2026-07-24T00:00:00+00:00
C000739,Customer 0739,customer0739@example.test,2026-03-29T00:00:00+00:00
C000740,Customer 0740,customer0740@example.test,2025-08-14T00:00:00+00:00
C000741,Customer 0741,customer0741@example.test,2026-07-31T00:00:00+00:00
C000742,Customer 0742,customer0742@example.test,2025-12-02T00:00:00+00:00
C000743,Customer 0743,customer0743@example.test,2025-05-21T00:00:00+00:00
C000744,Customer 0744,customer0744@example.test,2025-06-28T00:00:00+00:00
C000745,Customer 0745,customer0745@example.test,2025-04-17T00:00:00+00:00
C000746,Customer 0746,customer0746@example.test,2026-03-23T00:00:00+00:00
C000747,Customer 0747,customer0747@example.test,2026-06-13T00:00:00+00:00
C000748,Customer 0748,customer0748@example.test,2025-12-31T00:00:00+00:00
C000749,Customer 0749,customer0749@example.test,2025-11-09T00:00:00+00:00
C000750,Customer 0750,customer0750@example.test,2026-02-17T00:00:00+00:00
C000751,Customer 0751,customer0751@example.test,2025-07-02T00:00:00+00:00
C000752,Customer 0752,customer0752@example.test,2025-07-06T00:00:00+00:00
C000753,Customer 0753,customer0753@example.test,2025-04-09T00:00:00+00:00
C000754,Customer 0754,customer0754@example.test,2026-06-30T00:00:00+00:00
C000755,Customer 0755,customer0755@example.test,2026-05-07T00:00:00+00:00
C000756,Customer 0756,customer0756@example.test,2025-11-04T00:00:00+00:00
C000757,Customer 0757,customer0757@example.test,2026-06-23T00:00:00+00:00
C000758,Customer 0758,customer0758@example.test,2026-03-15T00:00:00+00:00
C000759,Customer 0759,customer0759@example.test,2025-09-23T00:00:00+00:00
C000760,Customer 0760,customer0760@example.test,2025-06-19T00:00:00+00:00
C000761,Customer 0761,customer0761@example.test,2025-07-12T00:00:00+00:00
C000762,Customer 0762,customer0762@example.test,2025-09-13T00:00:00+00:00
C000763,Customer 0763,customer0763@example.test,2025-11-19T00:00:00+00:00
C000764,Customer 0764,customer0764@example.test,2025-01-30T00:00:00+00:00
C000765,Customer 0765,customer0765@example.test,2025-06-16T00:00:00+00:00
C000766,Customer 0766,customer0766@example.test,2025-05-22T00:00:00+00:00
C000767,Customer 0767,customer0767@example.test,2025-05-13T00:00:00+00:00
C000768,Customer 0768,customer0768@example.test,2026-06-07T00:00:00+00:00
C000769,Customer 0769,customer0769@example.test,2026-05-01T00:00:00+00:00
C000770,Customer 0770,customer0770@example.test,2026-01-27T00:00:00+00:00
C000771,Customer 0771,customer0771@example.test,2025-02-13T00:00:00+00:00
C000772,Customer 0772,customer0772@example.test,2025-01-04T00:00:00+00:00
C000773,Customer 0773,customer0773@example.test,2025-07-30T00:00:00+00:00
C000774,Customer 0774,customer0774@example.test,2026-01-28T00:00:00+00:00
C000775,Customer 0775,customer0775@example.test,2025-08-22T00:00:00+00:00
C000776,Customer 0776,customer0776@example.test,2025-01-18T00:00:00+00:00
C000777,Customer 0777,customer0777@example.test,2025-09-26T00:00:00+00:00
C000778,Customer 0778,customer0778@example.test,2026-08-23T00:00:00+00:00
C000779,Customer 0779,customer0779@example.test,2026-01-14T00:00:00+00:00
C000780,Customer 0780,customer0780@example.test,2026-01-16T00:00:00+00:00
C000781,Customer 0781,customer0781@example.test,2025-12-08T00:00:00+00:00
C000782,Customer 0782,customer0782@example.test,2026-07-24T00:00:00+00:00
C000783,Customer 0783,customer0783@example.test,2026-03-23T00:00:00+00:00
C000784,Customer 0784,customer0784@example.test,2026-07-09T00:00:00+00:00
C000785,Customer 0785,customer0785@example.test,2026-04-22T00:00:00+00:00
C000786,Customer 0786,customer0786@example.test,2025-01-17T00:00:00+00:00
C000787,Customer 0787,customer0787@example.test,2025-05-03T00:00:00+00:00
C000788,Customer 0788,customer0788@example.test,2025-11-05T00:00:00+00:00
C000789,Customer 0789,customer0789@example.test,2025-11-19T00:00:00+00:00
C000790,Customer 0790,customer0790@example.test,2025-03-27T00:00:00+00:00
C000791,Customer 0791,customer0791@example.test,2026-05-12T00:00:00+00:00
C000792,Customer 0792,customer0792@example.test,2025-11-18T00:00:00+00:00
C000793,Customer 0793,customer0793@example.test,2025-12-17T00:00:00+00:00
C000794,Customer 0794,customer0794@example.test,2025-03-14T00:00:00+00:00
C000795,Customer 0795,customer0795@example.test,2026-05-26T00:00:00+00:00
C000796,Customer 0796,customer0796@example.test,2025-10-29T00:00:00+00:00
C000797,Customer 0797,customer0797@example.test,2025-05-03T00:00:00+00:00
C000798,Customer 0798,customer0798@example.test,2026-06-14T00:00:00+00:00
C000799,Customer 0799,customer0799@example.test,2026-06-22T00:00:00+00:00
C000800,Customer 0800,customer0800@example.test,2026-02-11T00:00:00+00:00
C000801,Customer 0801,customer0801@example.test,2026-02-06T00:00:00+00:00
C000802,Customer 0802,customer0802@example.test,2026-05-01T00:00:00+00:00
C000803,Customer 0803,customer0803@example.test,2025-07-03T00:00:00+00:00
C000804,Customer 0804,customer0804@example.test,2025-09-12T00:00:00+00:00
C000805,Customer 0805,customer0805@example.test,2025-09-14T00:00:00+00:00
C000806,Customer 0806,customer0806@example.test,2025-09-17T00:00:00+00:00
C000807,Customer 0807,customer0807@example.test,2025-05-07T00:00:00+00:00
C000808,Customer 0808,customer0808@example.test,2026-01-14T00:00:00+00:00
C000809,Customer 0809,customer0809@example.test,2026-03-12T00:00:00+00:00
C000810,Customer 0810,customer0810@example.test,2025-11-18T00:00:00+00:00
C000811,Customer 0811,customer0811@example.test,2025-10-20T00:00:00+00:00
C000812,Customer 0812,customer0812@example.test,2026-07-05T00:00:00+00:00
C000813,Customer 0813,customer0813@example.test,2026-01-04T00:00:00+00:00
C000814,Customer 0814,customer0814@example.test,2025-03-24T00:00:00+00:00
C000815,Customer 0815,customer0815@example.test,2025-08-25T00:00:00+00:00
C000816,Customer 0816,customer0816@example.test,2025-06-29T00:00:00+00:00
C000817,Customer 0817,customer0817@example.test,2026-08-01T00:00:00+00:00
C000818,Customer 0818,customer0818@example.test,2026-07-08T00:00:00+00:00
C000819,Customer 0819,customer0819@example.test,2026-07-31T00:00:00+00:00
C000820,Customer 0820,customer0820@example.test,2025-07-21T00:00:00+00:00
C000821,Customer 0821,customer0821@example.test,2026-02-14T00:00:00+00:00
C000822,Customer 0822,customer0822@example.test,2025-03-18T00:00:00+00:00
C000823,Customer 0823,customer0823@example.test,2025-09-23T00:00:00+00:00
C000824,Customer 0824,customer0824@example.test,2025-01-31T00:00:00+00:00
C000825,Customer 0825,customer0825@example.test,2026-06-16T00:00:00+00:00
C000826,Customer 0826,customer0826@example.test,2026-04-17T00:00:00+00:00
C000827,Customer 0827,customer0827@example.test,2025-12-28T00:00:00+00:00
C000828,Customer 0828,customer0828@example.test,2026-07-12T00:00:00+00:00
C000829,Customer 0829,customer0829@example.test,2025-04-19T00:00:00+00:00
C000830,Customer 0830,customer0830@example.test,2025-04-18T00:00:00+00:00
C000831,Customer 0831,customer0831@example.test,2026-04-16T00:00:00+00:00
C000832,Customer 0832,customer0832@example.test,2026-05-20T00:00:00+00:00
C000833,Customer 0833,customer0833@example.test,2026-05-08T00:00:00+00:00
C000834,Customer 0834,customer0834@example.test,2025-02-12T00:00:00+00:00
C000835,Customer 0835,customer0835@example.test,2025-08-10T00:00:00+00:00
C000836,Customer 0836,customer0836@example.test,2026-02-24T00:00:00+00:00
C000837,Customer 0837,customer0837@example.test,2026-05-06T00:00:00+00:00
C000838,Customer 0838,customer0838@example.test,2025-02-07T00:00:00+00:00
C000839,Customer 0839,customer0839@example.test,2026-04-23T00:00:00+00:00
C000840,Customer 0840,customer0840@example.test,2026-04-21T00:00:00+00:00
C000841,Customer 0841,customer0841@example.test,2025-06-07T00:00:00+00:00
C000842,Customer 0842,customer0842@example.test,2026-01-11T00:00:00+00:00
C000843,Customer 0843,customer0843@example.test,2026-04-15T00:00:00+00:00
C000844,Customer 0844,customer0844@example.test,2025-07-26T00:00:00+00:00
C000845,Customer 0845,customer0845@example.test,2025-07-13T00:00:00+00:00
C000846,Customer 0846,customer0846@example.test,2026-08-05T00:00:00+00:00
C000847,Customer 0847,customer0847@example.test,2025-12-12T00:00:00+00:00
C000848,Customer 0848,customer0848@example.test,2025-11-08T00:00:00+00:00
C000849,Customer 0849,customer0849@example.test,2026-06-19T00:00:00+00:00
C000850,Customer 0850,customer0850@example.test,2025-11-29T00:00:00+00:00
C000851,Customer 0851,customer0851@example.test,2025-07-30T00:00:00+00:00
C000852,Customer 0852,customer0852@example.test,2025-08-10T00:00:00+00:00
C000853,Customer 0853,customer0853@example.test,2025-02-18T00:00:00+00:00
C000854,Customer 0854,customer0854@example.test,2026-08-02T00:00:00+00:00
C000855,Customer 0855,customer0855@example.test,2025-01-20T00:00:00+00:00
C000856,Customer 0856,customer0856@example.test,2025-08-09T00:00:00+00:00
C000857,Customer 0857,customer0857@example.test,2026-02-03T00:00:00+00:00
C000858,Customer 0858,customer0858@example.test,2025-07-23T00:00:00+00:00
C000859,Customer 0859,customer0859@example.test,2025-05-03T00:00:00+00:00
C000860,Customer 0860,customer0860@example.test,2025-01-13T00:00:00+00:00
C000861,Customer 0861,customer0861@example.test,2025-11-08T00:00:00+00:00
C000862,Customer 0862,customer0862@example.test,2025-04-26T00:00:00+00:00
C000863,Customer 0863,customer0863@example.test,2025-08-16T00:00:00+00:00
C000864,Customer 0864,customer0864@example.test,2026-02-05T00:00:00+00:00
C000865,Customer 0865,customer0865@example.test,2025-12-21T00:00:00+00:00
C000866,Customer 0866,customer0866@example.test,2026-02-21T00:00:00+00:00
C000867,Customer 0867,customer0867@example.test,2025-11-08T00:00:00+00:00
C000868,Customer 0868,customer0868@example.test,2026-01-25T00:00:00+00:00
C000869,Customer 0869,customer0869@example.test,2025-04-13T00:00:00+00:00
C000870,Customer 0870,customer0870@example.test,2026-08-20T00:00:00+00:00
C000871,Customer 0871,customer0871@example.test,2025-03-10T00:00:00+00:00
C000872,Customer 0872,customer0872@example.test,2025-12-18T00:00:00+00:00
C000873,Customer 0873,customer0873@example.test,2025-06-02T00:00:00+00:00
C000874,Customer 0874,customer0874@example.test,2025-12-24T00:00:00+00:00
C000875,Customer 0875,customer0875@example.test,2026-06-28T00:00:00+00:00
C000876,Customer 0876,customer0876@example.test,2025-02-25T00:00:00+00:00
C000877,Customer 0877,customer0877@example.test,2025-02-10T00:00:00+00:00
C000878,Customer 0878,customer0878@example.test,2026-08-23T00:00:00+00:00
C000879,Customer 0879,customer0879@example.test,2026-02-13T00:00:00+00:00
C000880,Customer 0880,customer0880@example.test,2025-07-08T00:00:00+00:00
C000881,Customer 0881,customer0881@example.test,2025-02-11T00:00:00+00:00
C000882,Customer 0882,customer0882@example.test,2025-05-26T00:00:00+00:00
C000883,Customer 0883,customer0883@example.test,2025-11-16T00:00:00+00:00
C000884,Customer 0884,customer0884@example.test,2026-05-21T00:00:00+00:00
C000885,Customer 0885,customer0885@example.test,2025-12-08T00:00:00+00:00
C000886,Customer 0886,customer0886@example.test,2025-07-14T00:00:00+00:00
C000887,Customer 0887,customer0887@example.test,2025-05-07T00:00:00+00:00
C000888,Customer 0888,customer0888@example.test,2025-08-31T00:00:00+00:00
C000889,Customer 0889,customer0889@example.test,2026-07-19T00:00:00+00:00
C000890,Customer 0890,customer0890@example.test,2025-01-18T00:00:00+00:00
C000891,Customer 0891,customer0891@example.test,2026-04-30T00:00:00+00:00
C000892,Customer 0892,customer0892@example.test,2026-03-18T00:00:00+00:00
C000893,Customer 0893,customer0893@example.test,2026-07-31T00:00:00+00:00
C000894,Customer 0894,customer0894@example.test,2026-05-03T00:00:00+00:00
C000895,Customer 0895,customer0895@example.test,2025-09-21T00:00:00+00:00
C000896,Customer 0896,customer0896@example.test,2025-11-17T00:00:00+00:00
C000897,Customer 0897,customer0897@example.test,2025-02-23T00:00:00+00:00
C000898,Customer 0898,customer0898@example.test,2026-02-01T00:00:00+00:00
C000899,Customer 0899,customer0899@example.test,2025-09-22T00:00:00+00:00
C000900,Customer 0900,customer0900@example.test,2025-03-14T00:00:00+00:00
C000901,Customer 0901,customer0901@example.test,2026-02-15T00:00:00+00:00
C000902,Customer 0902,customer0902@example.test,2025-07-18T00:00:00+00:00
C000903,Customer 0903,customer0903@example.test,2025-05-23T00:00:00+00:00
C000904,Customer 0904,customer0904@example.test,2026-06-07T00:00:00+00:00
C000905,Customer 0905,customer0905@example.test,2026-05-29T00:00:00+00:00
C000906,Customer 0906,customer0906@example.test,2025-06-26T00:00:00+00:00
C000907,Customer 0907,customer0907@example.test,2025-04-17T00:00:00+00:00
C000908,Customer 0908,customer0908@example.test,2026-06-22T00:00:00+00:00
C000909,Customer 0909,customer0909@example.test,2025-10-22T00:00:00+00:00
C000910,Customer 0910,customer0910@example.test,2025-07-16T00:00:00+00:00
C000911,Customer 0911,customer0911@example.test,2026-03-17T00:00:00+00:00
C000912,Customer 0912,customer0912@example.test,2025-04-20T00:00:00+00:00
C000913,Customer 0913,customer0913@example.test,2025-06-22T00:00:00+00:00
C000914,Customer 0914,customer0914@example.test,2025-12-28T00:00:00+00:00
C000915,Customer 0915,customer0915@example.test,2025-12-10T00:00:00+00:00
C000916,Customer 0916,customer0916@example.test,2026-05-13T00:00:00+00:00
C000917,Customer 0917,customer0917@example.test,2025-07-04T00:00:00+00:00
C000918,Customer 0918,customer0918@example.test,2025-09-27T00:00:00+00:00
C000919,Customer 0919,customer0919@example.test,2026-07-11T00:00:00+00:00
C000920,Customer 0920,customer0920@example.test,2025-08-29T00:00:00+00:00
C000921,Customer 0921,customer0921@example.test,2025-02-21T00:00:00+00:00
C000922,Customer 0922,customer0922@example.test,2025-10-14T00:00:00+00:00
C000923,Customer 0923,customer0923@example.test,2025-03-19T00:00:00+00:00
C000924,Customer 0924,customer0924@example.test,2025-01-06T00:00:00+00:00
C000925,Customer 0925,customer0925@example.test,2025-11-25T00:00:00+00:00
C000926,Customer 0926,customer0926@example.test,2025-06-27T00:00:00+00:00
C000927,Customer 0927,customer0927@example.test,2025-06-01T00:00:00+00:00
C000928,Customer 0928,customer0928@example.test,2026-04-13T00:00:00+00:00
C000929,Customer 0929,customer0929@example.test,2026-03-28T00:00:00+00:00
C000930,Customer 0930,customer0930@example.test,2025-11-25T00:00:00+00:00
C000931,Customer 0931,customer0931@example.test,2025-10-17T00:00:00+00:00
C000932,Customer 0932,customer0932@example.test,2025-06-23T00:00:00+00:00
C000933,Customer 0933,customer0933@example.test,2025-10-24T00:00:00+00:00
C000934,Customer 0934,customer0934@example.test,2025-08-22T00:00:00+00:00
C000935,Customer 0935,customer0935@example.test,2025-08-01T00:00:00+00:00
C000936,Customer 0936,customer0936@example.test,2025-01-16T00:00:00+00:00
C000937,Customer 0937,customer0937@example.test,2025-09-02T00:00:00+00:00
C000938,Customer 0938,customer0938@example.test,2025-10-22T00:00:00+00:00
C000939,Customer 0939,customer0939@example.test,2026-06-20T00:00:00+00:00
C000940,Customer 0940,customer0940@example.test,2026-03-01T00:00:00+00:00
C000941,Customer 0941,customer0941@example.test,2026-07-11T00:00:00+00:00
C000942,Customer 0942,customer0942@example.test,2026-01-14T00:00:00+00:00
C000943,Customer 0943,customer0943@example.test,2025-02-22T00:00:00+00:00
C000944,Customer 0944,customer0944@example.test,2026-05-30T00:00:00+00:00
C000945,Customer 0945,customer0945@example.test,2026-04-12T00:00:00+00:00
C000946,Customer 0946,customer0946@example.test,2025-03-14T00:00:00+00:00
C000947,Customer 0947,customer0947@example.test,2025-04-24T00:00:00+00:00
C000948,Customer 0948,customer0948@example.test,2025-07-22T00:00:00+00:00
C000949,Customer 0949,customer0949@example.test,2025-07-10T00:00:00+00:00
C000950,Customer 0950,customer0950@example.test,2025-03-27T00:00:00+00:00
C000951,Customer 0951,customer0951@example.test,2025-05-09T00:00:00+00:00
C000952,Customer 0952,customer0952@example.test,2025-06-18T00:00:00+00:00
C000953,Customer 0953,customer0953@example.test,2026-06-01T00:00:00+00:00
C000954,Customer 0954,customer0954@example.test,2025-09-26T00:00:00+00:00
C000955,Customer 0955,customer0955@example.test,2026-03-12T00:00:00+00:00
C000956,Customer 0956,customer0956@example.test,2025-01-30T00:00:00+00:00
C000957,Customer 0957,customer0957@example.test,2025-01-02T00:00:00+00:00
C000958,Customer 0958,customer0958@example.test,2025-05-14T00:00:00+00:00
C000959,Customer 0959,customer0959@example.test,2026-07-09T00:00:00+00:00
C000960,Customer 0960,customer0960@example.test,2025-05-04T00:00:00+00:00
C000961,Customer 0961,customer0961@example.test,2025-04-02T00:00:00+00:00
C000962,Customer 0962,customer0962@example.test,2026-06-14T00:00:00+00:00
C000963,Customer 0963,customer0963@example.test,2025-11-01T00:00:00+00:00
C000964,Customer 0964,customer0964@example.test,2025-05-30T00:00:00+00:00
C000965,Customer 0965,customer0965@example.test,2026-02-21T00:00:00+00:00
C000966,Customer 0966,customer0966@example.test,2026-04-24T00:00:00+00:00
C000967,Customer 0967,customer0967@example.test,2026-07-02T00:00:00+00:00
C000968,Customer 0968,customer0968@example.test,2025-01-10T00:00:00+00:00
C000969,Customer 0969,customer0969@example.test,2026-02-02T00:00:00+00:00
C000970,Customer 0970,customer0970@example.test,2026-03-19T00:00:00+00:00
C000971,Customer 0971,customer0971@example.test,2025-11-25T00:00:00+00:00
C000972,Customer 0972,customer0972@example.test,2025-04-09T00:00:00+00:00
C000973,Customer 0973,customer0973@example.test,2025-03-15T00:00:00+00:00
C000974,Customer 0974,customer0974@example.test,2025-04-27T00:00:00+00:00
C000975,Customer 0975,customer0975@example.test,2025-08-17T00:00:00+00:00
C000976,Customer 0976,customer0976@example.test,2025-11-17T00:00:00+00:00
C000977,Customer 0977,customer0977@example.test,2025-11-05T00:00:00+00:00
C000978,Customer 0978,customer0978@example.test,2026-02-09T00:00:00+00:00
C000979,Customer 0979,customer0979@example.test,2026-05-14T00:00:00+00:00
C000980,Customer 0980,customer0980@example.test,2025-09-12T00:00:00+00:00
C000981,Customer 0981,customer0981@example.test,2025-05-25T00:00:00+00:00
C000982,Customer 0982,customer0982@example.test,2026-06-21T00:00:00+00:00
C000983,Customer 0983,customer0983@example.test,2025-01-02T00:00:00+00:00
C000984,Customer 0984,customer0984@example.test,2026-05-30T00:00:00+00:00
C000985,Customer 0985,customer0985@example.test,2026-06-29T00:00:00+00:00
C000986,Customer 0986,customer0986@example.test,2025-06-22T00:00:00+00:00
C000987,Customer 0987,customer0987@example.test,2025-09-19T00:00:00+00:00
C000988,Customer 0988,customer0988@example.test,2026-03-29T00:00:00+00:00
C000989,Customer 0989,customer0989@example.test,2025-05-05T00:00:00+00:00
C000990,Customer 0990,customer0990@example.test,2025-09-03T00:00:00+00:00
C000991,Customer 0991,customer0991@example.test,2026-06-05T00:00:00+00:00
C000992,Customer 0992,customer0992@example.test,2026-08-21T00:00:00+00:00
C000993,Customer 0993,customer0993@example.test,2026-06-02T00:00:00+00:00
C000994,Customer 0994,customer0994@example.test,2025-03-18T00:00:00+00:00
C000995,Customer 0995,customer0995@example.test,2026-07-09T00:00:00+00:00
C000996,Customer 0996,customer0996@example.test,2025-08-01T00:00:00+00:00
C000997,Customer 0997,customer0997@example.test,2026-05-04T00:00:00+00:00
C000998,Customer 0998,customer0998@example.test,2025-03-29T00:00:00+00:00
C000999,Customer 0999,customer0999@example.test,2026-01-01T00:00:00+00:00
C001000,Customer 1000,customer1000@example.test,2026-03-30T00:00:00+00:00
